,cate_nm,entrp_nm,load_addr,city_do_cd,city_gn_gu_cd,xpos_lo,ypos_la,area_nm,homepage_url,tel_no,base_ymd
2541,볼링장,라인볼링장,서울특별시 강남구 강남대로 308 랜드마크타워 지하2층,11.0,11680.0,127.031739,37.490641,서울,_,02-555-4199,2020-12-31
2542,VR테마파크,VR스테이션,서울특별시 강남구 강남대로 364 미왕빌딩 지하1층~3층,11.0,11680.0,127.029335,37.495559,서울,"http://h-vrstation.com, http://www.instagram.com/vrstation, http://www.facebook.com/vrstation.official/",1877-8870,2020-12-31
2543,오락실,못된 강아지,서울특별시 강남구 강남대로102길 15  1층 (역삼동),11.0,11680.0,127.026998,37.502225,서울,,,2020-12-31
2544,VR테마파크,BAD VR 논현점,서울특별시 강남구 강남대로118길 15,11.0,11680.0,127.02471,37.506793,서울,https://blog.naver.com/jaemigym,02-6952-0313,2020-12-31
2545,VR테마파크,콩 VR 강남역점,서울특별시 강남구 강남대로94길 10 케이스퀘어강남 지하1층 콩VR,11.0,11680.0,127.028202,37.499208,서울,"http://kong-vr.com, http://www.instagram.com/kongvr_official, http://blog.naver.com/kongvrhttp://www.facebook.com/kongvrofficial",070-4231-5445,2020-12-31
2546,VR테마파크,더메이즈 VR 강남점,서울특별시 강남구 강남대로94길 13,11.0,11680.0,127.028423,37.499597,서울,"http://www.facebook.com/themazevrgn, http://www.instagram.com/themazevrgn, http://www.themazevr.co.kr/",02-561-8882,2020-12-31
2547,VR테마파크,캠프VR 강남점,서울특별시 강남구 강남대로94길 9 크리스탈빌딩 4층,11.0,11680.0,127.028108,37.499495,서울,"http://www.campvr.co.kr, https://blog.naver.com/campvr, https://www.instagram.com/camp__vr/https://www.facebook.com/campvr/",02-568-7170,2020-12-31
2548,오락실,골드게임랜드,서울특별시 강남구 개포로 234  흥진빌딩 지하1층 (개포동),11.0,11680.0,127.048354,37.478756,서울,,,2020-12-31
2549,볼링장,스타24시볼링포차,서울특별시 강남구 논현로 641 B1,11.0,11680.0,127.031591,37.510841,서울,_,02-512-1797,2020-12-31
2550,VR테마파크,캠프VR 청주점,서울특별시 강남구 논현로75길 8 비드빌딩 2층,11.0,11680.0,127.038028,37.496648,서울,"https://www.campvr.co.kr/, https://blog.naver.com/campvr, https://www.instagram.com/camp__vr/https://www.facebook.com/campvr/",043-237-9100,2020-12-31
2551,오락실,못된강아지,서울특별시 강남구 도산대로11길 15 (신사동),11.0,11680.0,127.022387,37.518415,서울,,,2020-12-31
2552,VR테마파크,브이알존 가로수길점,서울특별시 강남구 도산대로11길 18,11.0,11680.0,127.022712,37.518643,서울,"http://vr-zone.co.kr, http://www.facebook.com/vrzonekorea, http://www.instagram.com/vr_zone_http://blog.naver.com/vr-zone",02-545-3394,2020-12-31
2553,오락실,엑스게임존,서울특별시 강남구 도산대로11길 25  1층 102호 (신사동),11.0,11680.0,127.022321,37.519144,서울,,,2020-12-31
2554,VR테마파크,브이알존 코엑스 직영점,서울특별시 강남구 봉은사로 524 코엑스몰 B1 J106,11.0,11680.0,127.057186,37.512814,서울,"http://vr-zone.co.kr, http://www.facebook.com/vrzonekorea, http://www.instagram.com/vr_zone_http://blog.naver.com/vr-zone",02-6002-5525,2020-12-31
2555,볼링장,가인볼링장,서울특별시 강남구 봉은사로114길 20 지하1.2층,11.0,11680.0,127.065375,37.513762,서울,_,02-566-9389,2020-12-31
2556,오락실,DOLLY DOLLY(돌리돌리),서울특별시 강남구 봉은사로2길 29 (역삼동),11.0,11680.0,127.026357,37.502824,서울,,,2020-12-31
2557,오락실,퍼니랜드,서울특별시 강남구 봉은사로2길 35  1층  지하1층 (역삼동  소현빌딩),11.0,11680.0,127.026531,37.502429,서울,,,2020-12-31
2558,오락실,하늘별따기,서울특별시 강남구 압구정로2길 49  1층 (신사동),11.0,11680.0,127.021207,37.518703,서울,,,2020-12-31
2559,볼링장,역삼볼링시티,서울특별시 강남구 언주로85길 13 경남아파트 지하1층,11.0,11680.0,127.042243,37.500485,서울,_,02-553-5670,2020-12-31
2560,볼링장,삼성볼링장,서울특별시 강남구 역삼로 604,11.0,11680.0,127.066115,37.505262,서울,_,_,2020-12-31
2561,오락실,큐브존,서울특별시 강남구 영동대로 513  지하2층 (삼성동  코엑스),11.0,11680.0,127.058773,37.512565,서울,,,2020-12-31
2562,오락실,펀시티(FunCity),서울특별시 강남구 영동대로 513  코엑스 지하2층 G202B호 (삼성동),11.0,11680.0,127.058773,37.512565,서울,,,2020-12-31
2563,VR테마파크,VR플러스카페,서울특별시 강남구 테헤란로4길 14 미림타워,11.0,11680.0,127.029685,37.497355,서울,,,2020-12-31
2564,오락실,퍼니랜드(FUNNY LAND),서울특별시 강동구 구천면로 192  1층 110호 (천호동  천호역 한강 푸르지오시티),11.0,11740.0,127.125853,37.540437,서울,,,2020-12-31
2565,오락실,FUNNY LAND,서울특별시 강동구 구천면로 192  천호역 한강 푸르지오시티 102호 (천호동),11.0,11740.0,127.125853,37.540437,서울,,,2020-12-31
2566,오락실,대박게임장,서울특별시 강동구 구천면로 228  3층 (천호동),11.0,11740.0,127.12991,37.540881,서울,,,2020-12-31
2567,오락실,명일게임천국,서울특별시 강동구 동남로75길 29 (명일동),11.0,11740.0,127.154542,37.554161,서울,,,2020-12-31
2568,오락실,새우주,서울특별시 강동구 상암로 201 (명일동 지하102호),11.0,11740.0,127.145007,37.546668,서울,,,2020-12-31
2569,오락실,피에스레이싱,서울특별시 강동구 성안로 10  3층 (성내동  현대표지),11.0,11740.0,127.129487,37.524731,서울,,,2020-12-31
2570,오락실,개미게임월드,서울특별시 강동구 암사길 32 (암사동),11.0,11740.0,127.132772,37.551679,서울,,,2020-12-31
2571,오락실,게임파크(GAME PARK),서울특별시 강동구 양재대로 1335  1층 (성내동),11.0,11740.0,127.134907,37.525591,서울,,,2020-12-31
2572,오락실,하리케인게임장,서울특별시 강동구 양재대로 1371  1층 17호 (성내동),11.0,11740.0,127.136059,37.528717,서울,,,2020-12-31
2573,볼링장,길동 볼링장,서울특별시 강동구 양재대로 1458,11.0,11740.0,127.139608,37.535906,서울,_,02-488-7674,2020-12-31
2574,볼링장,가인볼링장,서울특별시 강동구 양재대로113길 51 우성아트빌,11.0,11740.0,127.140639,37.537761,서울,_,02-489-1500,2020-12-31
2575,오락실,선광,서울특별시 강동구 양재대로136길 18 (명일동),11.0,11740.0,127.144715,37.548477,서울,,,2020-12-31
2576,오락실,못된강아지,서울특별시 강동구 양재대로89길 31  1층 (성내동),11.0,11740.0,127.133774,37.526718,서울,,,2020-12-31
2577,볼링장,스핀볼링장24,서울특별시 강동구 올림픽로 664 대우한강베네시티 지하2층,11.0,11740.0,127.124639,37.54068,서울,_,02-484-3005,2020-12-31
2578,볼링장,스핀볼링장,서울특별시 강동구 올림픽로 664 대우한강베네시티 지하2층,11.0,11740.0,127.124639,37.54068,서울,_,02-482-3001,2020-12-31
2579,오락실,펀존게임센터,서울특별시 강동구 올림픽로70길 61  101호 (천호동 두산위브센티움 지하),11.0,11740.0,127.127053,37.539391,서울,,,2020-12-31
2580,오락실,크리스탈,서울특별시 강동구 진황도로 100  B102호 (길동  하이브),11.0,11740.0,127.13743,37.53544,서울,,,2020-12-31
2581,오락실,천호게임랜드,서울특별시 강동구 진황도로 12  지층 2호 (천호동  코오롱아파트),11.0,11740.0,127.128312,37.539121,서울,,,2020-12-31
2582,볼링장,현대볼링장,서울특별시 강동구 진황도로 18 현대프라자,11.0,11740.0,127.129092,37.539226,서울,_,02-471-0925,2020-12-31
2583,볼링장,현대프라자볼링장,서울특별시 강동구 천호3동 407-11,11.0,11740.0,127.12821,37.540121,서울,_,02-201-0777,2020-12-31
2584,오락실,캐릭터마켓,서울특별시 강동구 천호대로 995 (천호동  금복빌딩),11.0,11740.0,127.123026,37.539299,서울,,,2020-12-31
2585,볼링장,놀자GO볼링장,서울특별시 강동구 천호대로157길 14 나비쇼핑몰 5층,11.0,11740.0,127.12727,37.53824,서울,_,02-479-0925,2020-12-31
2586,VR테마파크,워크인브이알아케이드,서울특별시 강동구 천호대로157길 34 1층 워크인브이알아케이드,11.0,11740.0,127.127723,37.539207,서울,,070-8231-6104,2020-12-31
2587,오락실,지투존 천호로데오점,서울특별시 강동구 천호대로157길 37  1층 3 4 5 6 7호 (천호동  수정상가),11.0,11740.0,127.127277,37.5396,서울,,,2020-12-31
2588,오락실,즐겜,서울특별시 강동구 천호대로157길 49  1층 (천호동),11.0,11740.0,127.127635,37.539918,서울,,,2020-12-31
2589,오락실,콤콤오락실,서울특별시 강동구 천호옛14길 23-4  1층 (성내동),11.0,11740.0,127.126976,37.536273,서울,,,2020-12-31
2590,오락실,우리게임랜드,서울특별시 강북구 노해로 41  동아빌딩 (수유동),11.0,11305.0,127.022459,37.639317,서울,,,2020-12-31
2591,오락실,수유금성게임랜드,서울특별시 강북구 덕릉로 92 (미아동),11.0,11305.0,127.023915,37.634535,서울,,,2020-12-31
2592,오락실,큐브존,서울특별시 강북구 도봉로 308 (번동  (주)북한산스카이),11.0,11305.0,127.023833,37.63567,서울,,,2020-12-31
2593,볼링장,RNB볼링장,서울특별시 강북구 도봉로 34 트레지오,11.0,11305.0,127.030733,37.612084,서울,_,02-986-1600,2020-12-31
2594,볼링장,더블유볼링,서울특별시 강북구 도봉로 342,11.0,11305.0,127.026136,37.638041,서울,_,02-992-0088,2020-12-31
2595,오락실,한게임랜드,서울특별시 강북구 도봉로 377 (수유동  청송빌딩),11.0,11305.0,127.028285,37.640906,서울,,,2020-12-31
2596,볼링장,볼링펍 CGV수유점,서울특별시 강북구 도봉로 399 CGC수유 3층,11.0,11305.0,127.029806,37.642414,서울,http://m.cgv.co.kr/WebApp/SpecialV4/PlayZoneDetail.aspx?idx=17,1544-1122,2020-12-31
2597,오락실,휴게임장,서울특별시 강북구 도봉로10길 22 (미아동),11.0,11305.0,127.030894,37.613608,서울,,,2020-12-31
2598,오락실,하늘,서울특별시 강북구 도봉로77길 20  2층 (수유동),11.0,11305.0,127.022192,37.633737,서울,,,2020-12-31
2599,오락실,실내야구장,서울특별시 강북구 도봉로87길 12 (수유동),11.0,11305.0,127.025099,37.638474,서울,,,2020-12-31
2600,오락실,펀앤펀,서울특별시 강북구 도봉로87길 39 (수유동),11.0,11305.0,127.023834,37.63904,서울,,,2020-12-31
2601,볼링장,우이볼링장,서울특별시 강북구 삼양로 424,11.0,11305.0,127.017129,37.641426,서울,_,02-905-6400,2020-12-31
2602,오락실,동아게임장,서울특별시 강북구 솔매로 86 (미아동),11.0,11305.0,127.021819,37.625057,서울,,,2020-12-31
2603,오락실,잡아방,서울특별시 강북구 월계로3길 68 (미아동),11.0,11305.0,127.031518,37.612658,서울,,,2020-12-31
2604,볼링장,럭키볼링센터,서울특별시 강북구 한천로 1013,11.0,11305.0,127.028659,37.638323,서울,_,02-991-0013~4,2020-12-31
2605,오락실,블루게임랜드,서울특별시 강북구 한천로 1044 (수유동),11.0,11305.0,127.026409,37.640548,서울,,,2020-12-31
2606,오락실,팡팡게임랜드,서울특별시 강북구 한천로 1076 (수유동),11.0,11305.0,127.023675,37.642489,서울,,,2020-12-31
2607,오락실,드레곤게임장,서울특별시 강서구 가로공원로76길 107  1층 (화곡동),11.0,11500.0,126.839362,37.532598,서울,,,2020-12-31
2608,오락실,두두플레이방 화곡중앙시장점,서울특별시 강서구 가로공원로76길 95  1층 (화곡동),11.0,11500.0,126.839083,37.533091,서울,,,2020-12-31
2609,오락실,나잡아봐라,서울특별시 강서구 강서로 21  1층 (화곡동),11.0,11500.0,126.847528,37.529876,서울,,,2020-12-31
2610,오락실,CRANE WORLD,서울특별시 강서구 강서로 243 (화곡동),11.0,11500.0,126.835987,37.547405,서울,,,2020-12-31
2611,오락실,강서게임파크,서울특별시 강서구 강서로 253 (내발산동),11.0,11500.0,126.836061,37.548433,서울,,,2020-12-31
2612,오락실,스타게임존,서울특별시 강서구 강서로 385  우성에스비타워 1층 (마곡동),11.0,11500.0,126.838302,37.560096,서울,,,2020-12-31
2613,오락실,게임빌리지,서울특별시 강서구 강서로 53  지층 (화곡동),11.0,11500.0,126.845915,37.532491,서울,,,2020-12-31
2614,오락실,퍼드림,서울특별시 강서구 강서로17길 134  영주빌딩 1층 (화곡동),11.0,11500.0,126.838329,37.532084,서울,,,2020-12-31
2615,오락실,패밀리 게임장,서울특별시 강서구 강서로18다길 30  1층 (화곡동),11.0,11500.0,126.847191,37.535567,서울,,,2020-12-31
2616,볼링장,볼원볼링장,서울특별시 강서구 강서로54길 42 2층 3층,11.0,11500.0,126.841106,37.558817,서울,_,02-3662-6868,2020-12-31
2617,오락실,푸시킹,서울특별시 강서구 강서로5나길 144  힐하우스 1층 (화곡동),11.0,11500.0,126.840072,37.528388,서울,,,2020-12-31
2618,오락실,조이풀게임장,서울특별시 강서구 강서로5나길 32  2층 (화곡동  은하빌딩),11.0,11500.0,126.846413,37.528766,서울,,,2020-12-31
2619,오락실,천하게임랜드,서울특별시 강서구 곰달래로 139-1  3층 (화곡동),11.0,11500.0,126.848497,37.530841,서울,,,2020-12-31
2620,오락실,FUN&FUNNY,서울특별시 강서구 곰달래로 221 (화곡동),11.0,11500.0,126.857568,37.531758,서울,,,2020-12-31
2621,오락실,베스트365놀이터,서울특별시 강서구 곰달래로 225  101호 (화곡동),11.0,11500.0,126.858031,37.531861,서울,,,2020-12-31
2622,오락실,CATCH UP,서울특별시 강서구 곰달래로 231  1층 (화곡동),11.0,11500.0,126.85872,37.531931,서울,,,2020-12-31
2623,오락실,목동게임장,서울특별시 강서구 곰달래로 262-1  2층 (화곡동),11.0,11500.0,126.862181,37.532018,서울,,,2020-12-31
2624,오락실,Funny놀이터zone,서울특별시 강서구 곰달래로53길 41  1층 (화곡동),11.0,11500.0,126.858809,37.533473,서울,,,2020-12-31
2625,볼링장,파크 볼링장,서울특별시 강서구 공항대로 213 보타닉파크타워2 B1,11.0,11500.0,126.83137,37.559694,서울,_,02-3662-0929,2020-12-31
2626,오락실,FUNNY & JOY,서울특별시 강서구 공항대로 247  4층 405호 (마곡동  퀸즈파크나인),11.0,11500.0,126.835235,37.559318,서울,,,2020-12-31
2627,볼링장,KBS스포츠월드볼링장,서울특별시 강서구 공항대로 376,11.0,11500.0,126.8476,37.556809,서울,_,02-2600-8882,2020-12-31
2628,오락실,P.M.U.,서울특별시 강서구 공항대로45길 12  1층 (등촌동),11.0,11500.0,126.85462,37.555859,서울,,,2020-12-31
2629,오락실,GAME ZONE,서울특별시 강서구 공항대로45길 63  3층 (등촌동),11.0,11500.0,126.855993,37.557872,서울,,,2020-12-31
2630,오락실,짱구오락실,서울특별시 강서구 공항대로46길 57  3층 (화곡동  정원빌딩),11.0,11500.0,126.852019,37.553518,서울,,,2020-12-31
2631,오락실,강서게임랜드,서울특별시 강서구 공항대로46길 93  2층 (화곡동),11.0,11500.0,126.851,37.552057,서울,,,2020-12-31
2632,오락실,왕 오락실,서울특별시 강서구 금낭화로 80  3층 (방화동),11.0,11500.0,126.811697,37.572599,서울,,,2020-12-31
2633,오락실,Funny놀이터Zone,서울특별시 강서구 까치산로 85  1층 (화곡동),11.0,11500.0,126.847707,37.546186,서울,,,2020-12-31
2634,오락실,J.Push Shop,서울특별시 강서구 등촌로 15  1층 (화곡동),11.0,11500.0,126.863504,37.53131,서울,,,2020-12-31
2635,볼링장,타워락볼링장,서울특별시 강서구 마곡중앙6로 16,11.0,11500.0,126.829005,37.56041,서울,http://blog.naver.com/jhk30000,02-3663-7922,2020-12-31
2636,오락실,요요파크노라존(YOYOOPARKNOLAZON 마곡점),서울특별시 강서구 마곡중앙6로 89  102-2호 (마곡동  뉴골든타워),11.0,11500.0,126.837293,37.560176,서울,,,2020-12-31
2637,오락실,짱구오락실,서울특별시 강서구 마곡중앙8로 90  마곡아이파크 1층 105호 (마곡동),11.0,11500.0,126.837593,37.560576,서울,,,2020-12-31
2638,오락실,마곡게임존,서울특별시 강서구 마곡중앙로 161-1  마곡나루역캐슬파크 113호 (마곡동),11.0,11500.0,126.82745,37.567873,서울,,,2020-12-31
2639,오락실,라마 오락실,서울특별시 강서구 마곡중앙로 161-11  A동 B109 110호 (마곡동  힐스테이트에코마곡나루역라마다앙코르서울),11.0,11500.0,126.826713,37.567983,서울,,,2020-12-31
2640,오락실,두두플레이방,서울특별시 강서구 송정로 38 (공항동),11.0,11500.0,126.811077,37.558248,서울,,,2020-12-31
2641,오락실,짱게임랜드,서울특별시 강서구 송정로 49  지하1층 (공항동),11.0,11500.0,126.810258,37.559195,서울,,,2020-12-31
2642,볼링장,주영볼링센터,서울특별시 강서구 양천로 461 주영빌딩,11.0,11500.0,126.852235,37.563053,서울,_,02-3662-0004,2020-12-31
2643,볼링장,블루나인볼링장,서울특별시 강서구 양천로 583,11.0,11500.0,126.864278,37.557087,서울,_,02-2093-3377,2020-12-31
2644,VR테마파크,다니엘컴퍼니,서울특별시 강서구 양천로 583 113호,11.0,11500.0,126.864278,37.557087,서울,http://funnycafe.co.kr/,1600-6755,2020-12-31
2645,볼링장,강서볼링센타,서울특별시 강서구 양천로 706,11.0,11500.0,126.874285,37.549452,서울,_,02-3661-3030~1,2020-12-31
2646,볼링장,정곡볼링장,서울특별시 강서구 양천로26길 18,11.0,11500.0,126.81792,37.572797,서울,_,02-2665-5060,2020-12-31
2647,오락실,그랜드 게임존,서울특별시 강서구 화곡로 347  b1층 (화곡동  그랜드아이파크),11.0,11500.0,126.851453,37.554981,서울,,,2020-12-31
2648,오락실,동네오락실,서울특별시 강서구 화곡로20길 58  지층 (화곡동),11.0,11500.0,126.836701,37.537834,서울,,,2020-12-31
2649,오락실,못된 강아지,서울특별시 강서구 화곡로58길 19  1층 (화곡동),11.0,11500.0,126.852061,37.553005,서울,,,2020-12-31
2650,오락실,짱오락실아케이드 서울대입구점,서울특별시 관악구 관악로 173  1층 (봉천동  맨우측(안쪽)),11.0,11620.0,126.952269,37.480709,서울,,,2020-12-31
2651,오락실,짱오락실 서울대점,서울특별시 관악구 관악로 173  1층 (봉천동),11.0,11620.0,126.952269,37.480709,서울,,,2020-12-31
2652,오락실,바다게임장,서울특별시 관악구 난곡로 332  2층 (신림동),11.0,11620.0,126.914418,37.483629,서울,,,2020-12-31
2653,오락실,에그게임장,서울특별시 관악구 남부순환로 1820  10층 3호 (봉천동  에그엘로우),11.0,11620.0,126.95213,37.480978,서울,,,2020-12-31
2654,오락실,에그오락실,서울특별시 관악구 남부순환로 1820  에그엘로우 10004 10005호 (봉천동),11.0,11620.0,126.95213,37.480978,서울,,,2020-12-31
2655,오락실,명품게임랜드,서울특별시 관악구 시흥대로 562  3층 (신림동),11.0,11620.0,126.902158,37.483074,서울,,,2020-12-31
2656,오락실,금성게임랜드,서울특별시 관악구 시흥대로 570  4층 (신림동),11.0,11620.0,126.902479,37.483555,서울,,,2020-12-31
2657,오락실,(주)지앤지 어소시에이츠,서울특별시 관악구 신림로 330  9층 906호 (신림동  포도몰),11.0,11620.0,126.930233,37.483872,서울,,,2020-12-31
2658,VR테마파크,캠프VR 신림점,서울특별시 관악구 신림로 340 9층 캠프VR 신림점,11.0,11620.0,126.930118,37.484781,서울,"http://www.campvr.co.kr, http://blog.naver.com/campvr, http://www.facebook.com/campvrhttp://www.instagram.com/camp__vr/",070-4260-5460,2020-12-31
2659,볼링장,제이앤제이볼링센터,서울특별시 관악구 신림로 340 르네상스복합쇼핑몰,11.0,11620.0,126.930118,37.484781,서울,_,02-888-3898,2020-12-31
2660,오락실,신림놀이터,서울특별시 관악구 신림로59길 10  1층 (신림동),11.0,11620.0,126.929203,37.48316,서울,,,2020-12-31
2661,오락실,포토샵,서울특별시 관악구 신림로59길 17  1층 (신림동),11.0,11620.0,126.928787,37.482967,서울,,,2020-12-31
2662,볼링장,삼모볼링장,서울특별시 관악구 신림로59길 23 삼모스포렉스빌딩 6층 볼링장,11.0,11620.0,126.928632,37.482704,서울,http://www.sammo.co.kr/,02-871-9183,2020-12-31
2663,오락실,에이스 게임장,서울특별시 관악구 신림로64길 9  2층 (신림동),11.0,11620.0,126.930259,37.48517,서울,,,2020-12-31
2664,오락실,늘푸른 게임랜드,서울특별시 관악구 중앙길 7  2층 (봉천동),11.0,11620.0,126.953821,37.483768,서울,,,2020-12-31
2665,오락실,동방게임월드,서울특별시 관악구 호암로22길 72  1층 (신림동),11.0,11620.0,126.936749,37.468478,서울,,,2020-12-31
2666,오락실,투아트게임방,서울특별시 관악구 호암로22길 76  2층 (신림동),11.0,11620.0,126.936941,37.46848,서울,,,2020-12-31
2667,볼링장,동서울그랜드볼링센터,서울특별시 광진구 강변역로 50 동서울터미널 6층,11.0,11215.0,127.093416,37.533452,서울,"http://cafe.naver.com/grangbc, https://www.facebook.com/ESgrandBC/",02-444-1100,2020-12-31
2668,오락실,로얄 게임장,서울특별시 광진구 광나루로 379 (군자동),11.0,11215.0,127.072018,37.548198,서울,,,2020-12-31
2669,오락실,펀잇강변점,서울특별시 광진구 광나루로56길 85 (구의동 테크노마트 10층 판매동 002호),11.0,11215.0,127.095708,37.535732,서울,,,2020-12-31
2670,오락실,프렌즈샵,서울특별시 광진구 군자로 49  1층 (화양동),11.0,11215.0,127.070225,37.547734,서울,,,2020-12-31
2671,오락실,중곡 게임랜드,서울특별시 광진구 긴고랑로 63  2층 (중곡동),11.0,11215.0,127.083359,37.561965,서울,,,2020-12-31
2672,오락실,과학오락관,서울특별시 광진구 능동로 216 (능동  어린이대공원),11.0,11215.0,127.081793,37.549401,서울,,,2020-12-31
2673,오락실,FRIENDS SHOP,서울특별시 광진구 능동로 438  1층 (중곡동),11.0,11215.0,127.085518,37.567739,서울,,,2020-12-31
2674,VR테마파크,몬스터VR 롯데백화점 건대스타시티점,서울특별시 광진구 능동로 92 롯데백화점스타시티점 10층,11.0,11215.0,127.071431,37.539012,서울,http://www.monstervr.co.kr/,070-5208-3155,2020-12-31
2675,오락실,게임천국,서울특별시 광진구 능동로13길 11  1  지층 (화양동),11.0,11215.0,127.071057,37.542659,서울,,,2020-12-31
2676,오락실,놀이터,서울특별시 광진구 능동로19길 24  1층 (화양동),11.0,11215.0,127.072585,37.547239,서울,,,2020-12-31
2677,VR테마파크,건대 VR카페 Vravo,서울특별시 광진구 능동로19길 35 광진 코지웰,11.0,11215.0,127.07174,37.546953,서울,http://www.facebook.com/VRavoCafe,02-6465-2688,2020-12-31
2678,오락실,못된강아지(군자),서울특별시 광진구 능동로35길 7  1층 (군자동),11.0,11215.0,127.078535,37.55662,서울,,,2020-12-31
2679,VR테마파크,메가브이알,서울특별시 광진구 능동로36길 9 3층 메가VR,11.0,11215.0,127.079784,37.556306,서울,,02-455-4187,2020-12-31
2680,오락실,짱오락실,서울특별시 광진구 동일로20길 106 (자양동),11.0,11215.0,127.069115,37.539607,서울,,,2020-12-31
2681,오락실,태산 (2019. 4. 17. 현장조사 무단폐업),서울특별시 광진구 뚝섬로23가길 1 (자양동),11.0,11215.0,127.065252,37.537279,서울,,,2020-12-31
2682,오락실,놀러와,서울특별시 광진구 뚝섬로27길 33  1층 (자양동),11.0,11215.0,127.065963,37.537401,서울,,,2020-12-31
2683,오락실,못된 강아지,서울특별시 광진구 면목로 174 (중곡동),11.0,11215.0,127.082983,37.568675,서울,,,2020-12-31
2684,오락실,노리터 게임장,서울특별시 광진구 면목로 98  2층 (중곡동),11.0,11215.0,127.079471,37.562394,서울,,,2020-12-31
2685,VR테마파크,VR 매직파크 건국대점,서울특별시 광진구 아차산로 219 2층 VR MAGIC PARK 건국대점,11.0,11215.0,127.06792,37.541102,서울,http://vrmagicpark.kr/kun,070-4160-1198,2020-12-31
2686,VR테마파크,BAD VR 건대점,서울특별시 광진구 아차산로 221,11.0,11215.0,127.068271,37.541069,서울,,010-4034-4679,2020-12-31
2687,오락실,짱오락실 건대점,서울특별시 광진구 아차산로 229  2층 202호 (화양동  한림타워),11.0,11215.0,127.068987,37.540813,서울,,,2020-12-31
2688,VR테마파크,브리즈브이알카페 건대점,서울특별시 광진구 아차산로 230 2층,11.0,11215.0,127.068722,37.540243,서울,http://www.instagram.com/vriz_vr,070-4633-6981,2020-12-31
2689,오락실,파니오락실,서울특별시 광진구 아차산로 241  연한빌딩 4층 (화양동),11.0,11215.0,127.070156,37.540516,서울,,,2020-12-31
2690,오락실,브릭스,서울특별시 광진구 아차산로 262  2층 (자양동  더샵스타시티),11.0,11215.0,127.072748,37.537734,서울,,,2020-12-31
2691,오락실,게임천국,서울특별시 광진구 아차산로29길 28 (화양동 1층),11.0,11215.0,127.068812,37.542109,서울,,,2020-12-31
2692,오락실,놀이터 건대점,서울특별시 광진구 아차산로33길 16  1층 (화양동),11.0,11215.0,127.070285,37.541058,서울,,,2020-12-31
2693,오락실,몬스터고,서울특별시 광진구 아차산로33길 21  1층 (화양동),11.0,11215.0,127.070203,37.541309,서울,,,2020-12-31
2694,오락실,플레이원,서울특별시 광진구 아차산로33길 53 (화양동),11.0,11215.0,127.070797,37.542674,서울,,,2020-12-31
2695,오락실,행복게임장 (현장조사 2014-02-28 무단폐업),서울특별시 광진구 용마산로 39 (중곡동),11.0,11215.0,127.087651,37.557169,서울,,,2020-12-31
2696,오락실,동아게임장,서울특별시 광진구 용마산로 58  1층 (중곡동),11.0,11215.0,127.088061,37.55883,서울,,,2020-12-31
2697,오락실,드림캐치,서울특별시 광진구 자양로13길 27 (자양동),11.0,11215.0,127.082683,37.53491,서울,,,2020-12-31
2698,오락실,노리터,서울특별시 광진구 자양로18길 32  1층 (구의동),11.0,11215.0,127.085296,37.537742,서울,,,2020-12-31
2699,오락실,뉴스타게임장,서울특별시 구로구 개봉로 21  2층 (개봉동),11.0,11530.0,126.856003,37.487547,서울,,,2020-12-31
2700,오락실,OK게임랜드,서울특별시 구로구 개봉로 57 (개봉동 지하1층 (개봉2동)),11.0,11530.0,126.855762,37.490761,서울,,,2020-12-31
2701,오락실,골프챔프,서울특별시 구로구 개봉로17길 8 (개봉동 2층),11.0,11530.0,126.855419,37.491749,서울,,,2020-12-31
2702,볼링장,길거리 돔 볼링장,서울특별시 구로구 경인로 397,11.0,11530.0,126.863855,37.497696,서울,_,02-2688-1531,2020-12-31
2703,오락실,구일게임랜드,서울특별시 구로구 구로동로 159  2층 (구로동),11.0,11530.0,126.8832,37.492718,서울,,,2020-12-31
2704,오락실,썬누리게임랜드,서울특별시 구로구 구로동로26길 107  2층 (구로동),11.0,11530.0,126.890135,37.490215,서울,,,2020-12-31
2705,볼링장,MK볼링센터 구로점,서울특별시 구로구 구로중앙로 134 신구로자이 나인스에비뉴,11.0,11530.0,126.883999,37.499807,서울,"http://mkbowling.co.kr/bowling/, http://www.mkbowling.co.kr/bowling/",1800-0925,2020-12-31
2706,오락실,Fun it Licensed by Sega,서울특별시 구로구 구로중앙로 152 (구로동 애경백화점 5층),11.0,11530.0,126.882769,37.501129,서울,,,2020-12-31
2707,오락실,더킹 게임월드,서울특별시 구로구 남부순환로105길 54  2층 (가리봉동),11.0,11530.0,126.889691,37.479732,서울,,,2020-12-31
2708,볼링장,앵커스 볼링라운지,서울특별시 구로구 디지털로31길 12 태평양물산빌딩 지하1층,11.0,11530.0,126.895094,37.485171,서울,"https://anchorsbowling.modoo.at, http://www.facebook.com/anchorsbowling/, http://www.instagram.com/anchors_bowling",02-866-8081,2020-12-31
2709,오락실,플레이 스퀘어 한신,서울특별시 구로구 디지털로31길 120 (구로동  한신휴플러스아파트),11.0,11530.0,126.890682,37.488391,서울,,,2020-12-31
2710,볼링장,더블루볼링장,서울특별시 구로구 디지털로32나길 38 서림빌딩 지하2층,11.0,11530.0,126.901187,37.484525,서울,_,02-865-4925,2020-12-31
2711,VR테마파크,레노버 VR매직파크,서울특별시 구로구 새말로 97,11.0,11530.0,126.890269,37.50712,서울,http://www.vrmagicpark.kr/,070-4252-3148,2020-12-31
2712,오락실,퍼니앤조이,서울특별시 구로구 새말로 97  12호 (구로동 신도림테크노마트 11층),11.0,11530.0,126.890269,37.50712,서울,,,2020-12-31
2713,VR테마파크,드래곤플라이,서울특별시 구로구 새말로 97 1층,11.0,11530.0,126.890269,37.50712,서울,,,2020-12-31
2714,오락실,캐치캐치,서울특별시 금천구 가산디지털1로 168  A동 103호 (가산동  우림라이온스밸리),11.0,11545.0,126.883448,37.479069,서울,,,2020-12-31
2715,오락실,구운몽게임랜드,서울특별시 금천구 가산로 134  지상2층 (가산동),11.0,11545.0,126.891793,37.477481,서울,,,2020-12-31
2716,오락실,대박게임랜드,서울특별시 금천구 가산로 148  지상3층 (가산동),11.0,11545.0,126.890872,37.478562,서울,,,2020-12-31
2717,오락실,유일게임랜드,서울특별시 금천구 가산로 152  지층 (가산동),11.0,11545.0,126.890609,37.478821,서울,,,2020-12-31
2718,오락실,천왕게임랜드,서울특별시 금천구 가산로 34  2층 (독산동),11.0,11545.0,126.899217,37.471585,서울,,,2020-12-31
2719,볼링장,그랜드스포츠볼링센타,서울특별시 금천구 가산로9길 9,11.0,11545.0,126.891394,37.476964,서울,_,02-862-8516,2020-12-31
2720,오락실,바다게임장,서울특별시 금천구 남부순환로 1428  지오프라자 302 303호 (독산동),11.0,11545.0,126.909453,37.480583,서울,,,2020-12-31
2721,오락실,푸시킹,서울특별시 금천구 남부순환로112길 42  지상1층 (가산동),11.0,11545.0,126.893613,37.477498,서울,,,2020-12-31
2722,오락실,삼거리게임랜드,서울특별시 금천구 독산로 267  신일산업 지하1층 (독산동),11.0,11545.0,126.902668,37.470626,서울,,,2020-12-31
2723,오락실,대박게임장,서울특별시 금천구 독산로 344  흥일빌딩 3층 (독산동),11.0,11545.0,126.903892,37.477395,서울,,,2020-12-31
2724,볼링장,G2 Zone 볼링장,서울특별시 금천구 벚꽃로 266 마리오아울렛3관 11F,11.0,11545.0,126.885074,37.478472,서울,_,02-2067-2323,2020-12-31
2725,오락실,대성모터스,서울특별시 금천구 서부샛길 606  지하1층 비121호호 (가산동  대성디폴리스지식산업센터),11.0,11545.0,126.877046,37.479991,서울,,,2020-12-31
2726,오락실,오락카페 홈플러스시흥점,서울특별시 금천구 시흥대로 201  2층 XEY7호 (시흥동  삼성홈플러스),11.0,11545.0,126.900794,37.451921,서울,,,2020-12-31
2727,오락실,따봉성인게임랜드,서울특별시 금천구 시흥대로 231  지하1층 (시흥동),11.0,11545.0,126.900296,37.454295,서울,,,2020-12-31
2728,볼링장,위너스볼링장,서울특별시 금천구 시흥대로 296,11.0,11545.0,126.89922,37.459827,서울,_,02-891-2747,2020-12-31
2729,오락실,캐치캐치,서울특별시 금천구 시흥대로 399  1층 109호 (독산동  시티렉스),11.0,11545.0,126.897079,37.469403,서울,,,2020-12-31
2730,오락실,게임랜드,서울특별시 금천구 시흥대로 399 (독산동 시티렉스 603호(전체금연)),11.0,11545.0,126.897079,37.469403,서울,,,2020-12-31
2731,볼링장,아미고볼링,서울특별시 금천구 시흥대로 399 지하1층,11.0,11545.0,126.897079,37.469403,서울,_,010-2027-7504,2020-12-31
2732,볼링장,크로바볼링장,서울특별시 금천구 시흥대로 440,11.0,11545.0,126.898904,37.472907,서울,_,02-855-0080,2020-12-31
2733,오락실,차차 오락실,서울특별시 노원구 공릉로 114  1층 (공릉동),11.0,11350.0,127.078134,37.620384,서울,,,2020-12-31
2734,오락실,J크레인,서울특별시 노원구 공릉로 153  1호 (공릉동),11.0,11350.0,127.079383,37.623817,서울,,,2020-12-31
2735,볼링장,더블랙볼링장,서울특별시 노원구 노해로 507 와우쇼핑몰 지하1층,11.0,11350.0,127.063931,37.65543,서울,"http://www.instagram.com/theblack0925, http://theblackbowling.itrocks.kr/, https://blog.naver.com/kjh910203/",02-931-0925,2020-12-31
2736,오락실,게임 아레나,서울특별시 노원구 노해로79길 6-19  4층 (상계동),11.0,11350.0,127.062457,37.6555,서울,,,2020-12-31
2737,VR테마파크,캠프VR 노원점,서울특별시 노원구 노해로81길 16 B1,11.0,11350.0,127.062863,37.655647,서울,"https://www.campvr.co.kr/, https://blog.naver.com/campvr, https://www.instagram.com/camp__vr/https://www.facebook.com/campvr/?ref=bookmar",070-8896-0575,2020-12-31
2738,오락실,세븐게임랜드,서울특별시 노원구 노해로85길 10-55  소담빌 지층 02호 (상계동),11.0,11350.0,127.066106,37.656393,서울,,,2020-12-31
2739,오락실,세븐게임랜드,서울특별시 노원구 노해로85길 10-55  소담빌 지하1층 (상계동),11.0,11350.0,127.066106,37.656393,서울,,,2020-12-31
2740,오락실,아케이드 코리아,서울특별시 노원구 동일로 1414  10층 (상계동),11.0,11350.0,127.061857,37.655432,서울,,,2020-12-31
2741,오락실,Fun Zone(펀존),서울특별시 노원구 동일로 1660  3층 (상계동),11.0,11350.0,127.055673,37.676574,서울,,,2020-12-31
2742,볼링장,공릉볼링센터,서울특별시 노원구 동일로180길 14,11.0,11350.0,127.075317,37.621911,서울,_,02-948-8877,2020-12-31
2743,볼링장,그린라이트 감성펍 볼링장,서울특별시 노원구 상계로 55,11.0,11350.0,127.061169,37.656057,서울,http://www.greenlightbowling.co.kr/,02-933-1277,2020-12-31
2744,오락실,갖고파trading,서울특별시 노원구 상계로 55  108호 (상계동  위성프라자),11.0,11350.0,127.061169,37.656057,서울,,,2020-12-31
2745,볼링장,그린라이트 볼링장,서울특별시 노원구 상계로 55 위성프라자,11.0,11350.0,127.061169,37.656057,서울,http://www.greenlightbowling.co.kr/,070-8839-8487,2020-12-31
2746,오락실,못된강아지,서울특별시 노원구 상계로 63-7  102호 (상계동  청우빌딩),11.0,11350.0,127.061889,37.656522,서울,,,2020-12-31
2747,오락실,동아게임장,서울특별시 노원구 상계로 69  한스헤어 (상계동),11.0,11350.0,127.062682,37.656492,서울,,,2020-12-31
2748,오락실,달샵,서울특별시 노원구 상계로3길 21  1층 2호 (상계동  화일빌딩),11.0,11350.0,127.062288,37.657228,서울,,,2020-12-31
2749,오락실,골드건,서울특별시 노원구 상계로3길 9  1층 106호 (상계동  성광빌딩),11.0,11350.0,127.062226,37.656696,서울,,,2020-12-31
2750,오락실,동아게임장,서울특별시 노원구 석계로 95  1층 3호 (월계동  성북빌딩),11.0,11350.0,127.061167,37.622926,서울,,,2020-12-31
2751,오락실,놀이터쪼인,서울특별시 노원구 석계로3길 11  1층 (월계동),11.0,11350.0,127.063942,37.615749,서울,,,2020-12-31
2752,오락실,못된강아지,서울특별시 노원구 석계로3길 18  1층 (월계동),11.0,11350.0,127.063814,37.616009,서울,,,2020-12-31
2753,볼링장,건영옴니볼링센터,서울특별시 노원구 섬밭로 258 건영백화점,11.0,11350.0,127.064761,37.638939,서울,_,02-3399-5351~2,2020-12-31
2754,볼링장,건영볼링장,서울특별시 노원구 섬밭로 258 건영백화점,11.0,11350.0,127.064761,37.638939,서울,_,02-3399-5352,2020-12-31
2755,오락실,쉬는시간,서울특별시 노원구 한글비석로 233  새롬스타빌 (중계동),11.0,11350.0,127.076359,37.648491,서울,,,2020-12-31
2756,오락실,샤니게임랜드,서울특별시 노원구 한글비석로23길 2  2층 우측호 (상계동),11.0,11350.0,127.071232,37.660723,서울,,,2020-12-31
2757,볼링장,블랙홀볼링 센터,서울특별시 노원구 화랑로 325 4층 우현빌딩,11.0,11350.0,127.064042,37.614966,서울,https://bhbc.modoo.at/,02-909-1688,2020-12-31
2758,볼링장,마이볼링,서울특별시 노원구 화랑로 419-7 에스에스빌딩,11.0,11350.0,127.073795,37.617656,서울,"http://www.mybowling.co.kr/, http://blog.naver.com/emybowling",02-977-0434~6,2020-12-31
2759,오락실,행복게임랜드,서울특별시 노원구 화랑로43길 2-4  3층 (월계동  신궁전빌딩),11.0,11350.0,127.063356,37.614609,서울,,,2020-12-31
2760,오락실,골드게임랜드,서울특별시 노원구 화랑로43길 2-4  신궁전빌딩 4층 (월계동),11.0,11350.0,127.063356,37.614609,서울,,,2020-12-31
2761,오락실,창동게임랜드,서울특별시 도봉구 노해로65길 11 (창동),11.0,11320.0,127.046196,37.651819,서울,,,2020-12-31
2762,오락실,동창 게임랜드,서울특별시 도봉구 노해로65길 17 (창동 지하 1층 2호),11.0,11320.0,127.046102,37.652071,서울,,,2020-12-31
2763,오락실,도깨비게임랜드,서울특별시 도봉구 노해로65길 18 (창동  지층),11.0,11320.0,127.046474,37.652191,서울,,,2020-12-31
2764,오락실,대박게임랜드,서울특별시 도봉구 노해로69길 15-15  2층 203호 (창동),11.0,11320.0,127.050024,37.652832,서울,,,2020-12-31
2765,오락실,창동게임랜드,서울특별시 도봉구 노해로69길 15-15 (창동 점보빌딩 지하1층),11.0,11320.0,127.050024,37.652832,서울,,,2020-12-31
2766,오락실,창동게임랜드,서울특별시 도봉구 노해로69길 15-15 (창동 지하 1층 1~6호  13~22호),11.0,11320.0,127.050024,37.652832,서울,,,2020-12-31
2767,오락실,팬텀게임랜드,서울특별시 도봉구 노해로69길 15-15 (창동),11.0,11320.0,127.050024,37.652832,서울,,,2020-12-31
2768,오락실,뉴 - 월드 게임장,서울특별시 도봉구 노해로69길 21-11 (창동 2층 202호  203호),11.0,11320.0,127.050077,37.653121,서울,,,2020-12-31
2769,오락실,뉴-월드 게임장,서울특별시 도봉구 노해로69길 21-11 (창동 2층),11.0,11320.0,127.050077,37.653121,서울,,,2020-12-31
2770,오락실,신창게임장,서울특별시 도봉구 덕릉로 223 (창동),11.0,11320.0,127.03734,37.638151,서울,,,2020-12-31
2771,오락실,방가 게임장,서울특별시 도봉구 덕릉로 229 (창동 지층),11.0,11320.0,127.037708,37.638622,서울,,,2020-12-31
2772,오락실,쿨 게임방,서울특별시 도봉구 덕릉로58길 15 (창동 지층),11.0,11320.0,127.039192,37.638598,서울,,,2020-12-31
2773,오락실,학마을 게임랜드,서울특별시 도봉구 도당로 107 (방학동 2층),11.0,11320.0,127.038343,37.666685,서울,,,2020-12-31
2774,오락실,학마을랜드,서울특별시 도봉구 도당로 107 (방학동 지하),11.0,11320.0,127.038343,37.666685,서울,,,2020-12-31
2775,볼링장,트윈스볼링장,서울특별시 도봉구 도당로 6,11.0,11320.0,127.035363,37.658714,서울,_,02-902-8080,2020-12-31
2776,볼링장,도깨비볼링장,서울특별시 도봉구 도당로 75,11.0,11320.0,127.035305,37.664994,서울,_,02-3492-9473~4,2020-12-31
2777,오락실,월드 게임랜드,서울특별시 도봉구 도당로 89 (방학동 지층),11.0,11320.0,127.036815,37.665628,서울,,,2020-12-31
2778,오락실,굿타임,서울특별시 도봉구 도당로 97  1층 (방학동),11.0,11320.0,127.037456,37.666038,서울,,,2020-12-31
2779,오락실,게임마트,서울특별시 도봉구 도봉로 451 (쌍문동 2층),11.0,11320.0,127.032962,37.64635,서울,,,2020-12-31
2780,오락실,황금바다 게임랜드,서울특별시 도봉구 도봉로 460 (창동  3층),11.0,11320.0,127.033955,37.646701,서울,,,2020-12-31
2781,오락실,대박게임장,서울특별시 도봉구 도봉로 462 (창동 태영빌딩 3층),11.0,11320.0,127.034089,37.64681,서울,,,2020-12-31
2782,볼링장,미화볼링장,서울특별시 도봉구 도봉로 578,11.0,11320.0,127.039724,37.656308,서울,_,02-903-1441~2,2020-12-31
2783,오락실,드림 게임랜드,서울특별시 도봉구 도봉로 585 (쌍문동 2층),11.0,11320.0,127.039394,37.657233,서울,,,2020-12-31
2784,오락실,드림 게임랜드,서울특별시 도봉구 도봉로 713 (방학동 2층),11.0,11320.0,127.04304,37.66812,서울,,,2020-12-31
2785,오락실,백운,서울특별시 도봉구 도봉로110길 12 (창동 2층),11.0,11320.0,127.034155,37.646108,서울,,,2020-12-31
2786,볼링장,쌍문나이스락볼링센터,서울특별시 도봉구 도봉로114길 22-8 지하1층,11.0,11320.0,127.035129,37.647044,서울,_,02-902-9000,2020-12-31
2787,오락실,게임박스,서울특별시 도봉구 도봉로150길 31  1층 (방학동  ESA 아파트),11.0,11320.0,127.044877,37.666315,서울,,,2020-12-31
2788,오락실,도봉게임장,서울특별시 도봉구 마들로 727-1 (도봉동 지층),11.0,11320.0,127.047257,37.675164,서울,,,2020-12-31
2789,오락실,보스게임랜드,서울특별시 도봉구 마들로11가길 16  KING 프라자 4층 (창동),11.0,11320.0,127.048985,37.652571,서울,,,2020-12-31
2790,오락실,휘버게임장,서울특별시 도봉구 마들로11길 57 (창동  EQ빌딩 지하 1층),11.0,11320.0,127.050163,37.653518,서울,,,2020-12-31
2791,오락실,임하윤,서울특별시 도봉구 마들로11길 65 (창동 지층),11.0,11320.0,127.049677,37.653424,서울,,,2020-12-31
2792,오락실,퍼팩트게임랜드,서울특별시 도봉구 방학로 106  2층 (방학동),11.0,11320.0,127.040485,37.663198,서울,,,2020-12-31
2793,오락실,은성게임랜드,서울특별시 도봉구 방학로 106  스마트빌딩 3층 (방학동),11.0,11320.0,127.040485,37.663198,서울,,,2020-12-31
2794,볼링장,한영볼링센타,서울특별시 도봉구 해등로 125,11.0,11320.0,127.040491,37.654782,서울,_,02-990-7992,2020-12-31
2795,오락실,미화게임랜드,서울특별시 도봉구 해등로16길 12 (창동),11.0,11320.0,127.040729,37.655703,서울,,,2020-12-31
2796,볼링장,볼케이노볼링장,서울특별시 동대문구 고산자로 420,11.0,11230.0,127.038635,37.577152,서울,_,_,2020-12-31
2797,오락실,게임파크(Game-park),서울특별시 동대문구 답십리로 288  11층 (장안동  바우하우스),11.0,11230.0,127.072392,37.571917,서울,,,2020-12-31
2798,오락실,게임월드,서울특별시 동대문구 답십리로 9 (전농동 지상1층),11.0,11230.0,127.043406,37.57857,서울,,,2020-12-31
2799,볼링장,우창볼링센터,서울특별시 동대문구 망우로 123,11.0,11230.0,127.066598,37.591721,서울,_,02-2249-9222,2020-12-31
2800,오락실,휘경,서울특별시 동대문구 망우로12가길 33 (휘경동),11.0,11230.0,127.060947,37.589081,서울,,,2020-12-31
2801,오락실,프리마게임랜드,서울특별시 동대문구 사가정로 231  3층 (장안동),11.0,11230.0,127.070686,37.578968,서울,,,2020-12-31
2802,오락실,놀러와,서울특별시 동대문구 사가정로13길 3  1층 (전농동),11.0,11230.0,127.057948,37.578128,서울,,,2020-12-31
2803,볼링장,삐에로볼링 라운지,서울특별시 동대문구 서울시립대로 36 지하1층,11.0,11230.0,127.046921,37.574579,서울,_,02-3394-9018,2020-12-31
2804,오락실,게임존,서울특별시 동대문구 왕산로 214 (전농동  청량리역 롯데백화점),11.0,11230.0,127.048204,37.580555,서울,,,2020-12-31
2805,볼링장,경남볼링장,서울특별시 동대문구 장한로 110 경남관광호텔,11.0,11230.0,127.070862,37.570238,서울,_,02-2242-9493,2020-12-31
2806,오락실,짱오락실,서울특별시 동대문구 장한로24길 30-2 (장안동),11.0,11230.0,127.072446,37.570295,서울,,,2020-12-31
2807,볼링장,퍼펙트볼링센터,서울특별시 동대문구 장한로2길 33 지하1층,11.0,11230.0,127.067225,37.562307,서울,_,02-3394-5822,2020-12-31
2808,오락실,명품게임랜드,서울특별시 동대문구 천호대로 153  3층 (용두동),11.0,11230.0,127.040491,37.57368,서울,,,2020-12-31
2809,오락실,대박게임장,서울특별시 동대문구 천호대로 267  지하1층 (답십리동),11.0,11230.0,127.051542,37.568165,서울,,,2020-12-31
2810,볼링장,스타볼링센터,서울특별시 동대문구 천호대로 405,11.0,11230.0,127.064184,37.562022,서울,_,2245-4975,2020-12-31
2811,볼링장,동보볼링센타,서울특별시 동대문구 천호대로 405 동보빌딩,11.0,11230.0,127.064184,37.562022,서울,_,02-2245-4975,2020-12-31
2812,오락실,전곡게임랜드,서울특별시 동대문구 한천로 184  2층 (장안동),11.0,11230.0,127.068216,37.577299,서울,,,2020-12-31
2813,오락실,1박2일게임랜드,서울특별시 동대문구 한천로 86  3층 (장안동),11.0,11230.0,127.064152,37.569113,서울,,,2020-12-31
2814,오락실,한성게임장,서울특별시 동대문구 한천로46길 17 (휘경동 (1층)),11.0,11230.0,127.069468,37.582229,서울,,,2020-12-31
2815,볼링장,보스턴볼링,서울특별시 동대문구 회기로28길 8,11.0,11230.0,127.055948,37.589465,서울,_,02-962-9966,2020-12-31
2816,오락실,나노게임파크,서울특별시 동작구 노량진로 178  1층 (노량진동),11.0,11590.0,126.945704,37.513421,서울,,,2020-12-31
2817,오락실,GOGO SHOP,서울특별시 동작구 노량진로16길 14  1층 (노량진동),11.0,11590.0,126.943629,37.512979,서울,,,2020-12-31
2818,오락실,모펀청소년게임센터,서울특별시 동작구 동작대로 37  3층 (사당동),11.0,11590.0,126.981395,37.479819,서울,,,2020-12-31
2819,오락실,sWitch 오락실,서울특별시 동작구 동작대로 89  7층 705호 (사당동  골든시네마타워),11.0,11590.0,126.981647,37.484642,서울,,,2020-12-31
2820,오락실,sWitch 오락실,서울특별시 동작구 동작대로25길 9-8  1층 (사당동),11.0,11590.0,126.981402,37.486027,서울,,,2020-12-31
2821,오락실,게임빌리지(GAME VILLAGE),서울특별시 동작구 동작대로27가길 12  1층 (사당동),11.0,11590.0,126.980957,37.487114,서울,,,2020-12-31
2822,오락실,J게임랜드,서울특별시 동작구 동작대로27가길 14  1층 (사당동),11.0,11590.0,126.981061,37.486935,서울,,,2020-12-31
2823,오락실,CRANE WORLD,서울특별시 동작구 동작대로27길 20  1층 (사당동),11.0,11590.0,126.980893,37.487645,서울,,,2020-12-31
2824,오락실,지투존,서울특별시 동작구 동작대로27길 5  1층 (사당동  로얄골프잭팟),11.0,11590.0,126.981485,37.487362,서울,,,2020-12-31
2825,오락실,패밀리 게임장,서울특별시 동작구 등용로14길 78  1층 (노량진동),11.0,11590.0,126.935807,37.51254,서울,,,2020-12-31
2826,VR테마파크,매트릭스VR,서울특별시 동작구 만양로 94,11.0,11590.0,126.94446,37.511761,서울,,02-811-1253,2020-12-31
2827,오락실,어뮤즈타운,서울특별시 동작구 만양로14가길 26 (노량진동 지상1 2층),11.0,11590.0,126.944978,37.512766,서울,,,2020-12-31
2828,오락실,트리플엑스 노량진점,서울특별시 동작구 만양로14가길 32 (노량진동 지하1층),11.0,11590.0,126.944851,37.512954,서울,,,2020-12-31
2829,오락실,정인오락실,서울특별시 동작구 만양로18길 14 (노량진동 1층),11.0,11590.0,126.945008,37.513037,서울,,,2020-12-31
2830,볼링장,보라매볼링장,서울특별시 동작구 보라매로5가길 16,11.0,11590.0,126.924066,37.491268,서울,_,02-834-5545,2020-12-31
2831,오락실,우주오락실,서울특별시 동작구 사당로23길 130 (사당동 지하1층),11.0,11590.0,126.97273,37.488421,서울,,,2020-12-31
2832,오락실,지팀장#,서울특별시 동작구 사당로29가길 46 (사당동),11.0,11590.0,126.979952,37.487006,서울,,,2020-12-31
2833,볼링장,성대볼링센타,서울특별시 동작구 상도로 102 성대시장 3층,11.0,11590.0,126.931756,37.499943,서울,_,02-822-5900,2020-12-31
2834,오락실,퀸 오락실,서울특별시 동작구 상도로 177 (상도동),11.0,11590.0,126.938283,37.504651,서울,,,2020-12-31
2835,오락실,게임랜드,서울특별시 동작구 상도로 84 (대방동 지하1층),11.0,11590.0,126.930021,37.49953,서울,,,2020-12-31
2836,볼링장,한숲볼링센타,서울특별시 동작구 여의대방로44길 10 대림아파트,11.0,11590.0,126.924424,37.507292,서울,http://www.한숲볼링장.kr/,02-812-9505,2020-12-31
2837,오락실,리얼엔젤플러스(주)블루스톤 스포츠 내 게임장,서울특별시 동작구 현충로 131 (흑석동  블루스톤스포츠),11.0,11590.0,126.968168,37.506871,서울,,,2020-12-31
2838,오락실,게임샷,서울특별시 동작구 흑석로11길 3 (흑석동 2층),11.0,11590.0,126.960362,37.507821,서울,,,2020-12-31
2839,오락실,꿀잼#,서울특별시 마포구 백범로 74  1층 (신수동),11.0,11440.0,126.939844,37.548627,서울,,,2020-12-31
2840,볼링장,W락볼링장,서울특별시 마포구 양화로 104 지하1층,11.0,11440.0,126.919049,37.552925,서울,_,02-336-0928,2020-12-31
2841,VR테마파크,VRIZ 홍대점,서울특별시 마포구 양화로 136 지하 2층,11.0,11440.0,126.921591,37.554841,서울,"http://vrizpc.com/, http://vriz02.modoo.at/, http://www.facebook.com/vriz01",070-4771-6881,2020-12-31
2842,VR테마파크,히트VR,서울특별시 마포구 양화로 141 L7 롯데호텔 2층,11.0,11440.0,126.921668,37.55576,서울,,070-8893-2226,2020-12-31
2843,VR테마파크,VR 라이브,서울특별시 마포구 양화로 156 2층 215호,11.0,11440.0,126.923452,37.556038,서울,"http://www.vrlive.info/, https://blog.naver.com/vrlive, https://www.instagram.com/vrlive_etribe/https://www.facebook.com/VRLIVEetribe/?modal",070-4115-0099,2020-12-31
2844,볼링장,홍대볼링장,서울특별시 마포구 양화로 156 308호,11.0,11440.0,126.923452,37.556038,서울,_,02-3144-0939,2020-12-31
2845,오락실,놀러와 오락실,서울특별시 마포구 어울마당로 55-1  2층 (서교동),11.0,11440.0,126.920855,37.55013,서울,,,2020-12-31
2846,VR테마파크,VR스퀘어 홍대점,서울특별시 마포구 어울마당로 68 3~7층,11.0,11440.0,126.921486,37.551109,서울,"http://vrsquare.kr, http://www.facebook.com/SkonecSquare, http://www.instagram.com/vr_squarehttps://blog.naver.com/vr_square",070-5173-1435,2020-12-31
2847,볼링장,태화볼링장,서울특별시 마포구 와우산로 111,11.0,11440.0,126.925741,37.553473,서울,http://www.taehwa.garamcs.com/,02-3142-3347,2020-12-31
2848,VR테마파크,더메이즈VR,서울특별시 마포구 와우산로17길 10,11.0,11440.0,126.922482,37.550325,서울,http://www.themazevr.co.kr/,02-6359-0015,2020-12-31
2849,VR테마파크,서울이스케이프룸 홍대2호점,서울특별시 마포구 와우산로17길 11 코스모스빌딩 3층,11.0,11440.0,126.922395,37.55009,서울,http://seoul-escape.com/,02-333-6502,2020-12-31
2850,오락실,홍대 아키바,서울특별시 마포구 와우산로17길 19-5  1층 (서교동),11.0,11440.0,126.921865,37.549959,서울,,,2020-12-31
2851,오락실,재미삼아,서울특별시 마포구 와우산로19길 18  1층 (서교동),11.0,11440.0,126.922014,37.55142,서울,,,2020-12-31
2852,VR테마파크,고양이멀티카페 마오,서울특별시 마포구 와우산로21길 36-10 3 4층,11.0,11440.0,126.922117,37.552854,서울,"http://m.facebook.com/MAO-CAFE-STORE-306160170041994/, http://instagram.com/mao_cafe_hongdae, https://m.blog.naver.com/PostList.nhn?blogId=sjo05049",02-336-2242,2020-12-31
2853,VR테마파크,브이알카페스포츠,서울특별시 마포구 와우산로29라길 11,11.0,11440.0,126.927199,37.555198,서울,"http://vrcarver.com/, https://chieflmh.modoo.at/",02-336-1303,2020-12-31
2854,VR테마파크,KLIVE X VR PARK,서울특별시 마포구 월드컵북로 396 디지털파빌리온 4층,11.0,11440.0,126.889853,37.579487,서울,"http://www.klive.co.kr/, https://www.facebook.com/VR-PARK-%EC%83%81%EC%95%94%EC%A",02-307-9156,2020-12-31
2855,VR테마파크,VR아케이드,서울특별시 마포구 홍익로3길 20 지하2층 트릭아이뮤지엄 옆,11.0,11440.0,126.9217,37.553526,서울,,02-3144-6400,2020-12-31
2856,오락실,몽키샵,서울특별시 서대문구 거북골로 21  1층 (남가좌동),11.0,11410.0,126.924985,37.580109,서울,,,2020-12-31
2857,오락실,우리동네 오락실 5樂 GAME STATION,서울특별시 서대문구 거북골로 21-5 (홍은동),11.0,11410.0,126.925235,37.580094,서울,,,2020-12-31
2858,오락실,못된 강아지,서울특별시 서대문구 거북골로 5 (홍은동),11.0,11410.0,126.926534,37.581061,서울,,,2020-12-31
2859,오락실,신촌 오락실,서울특별시 서대문구 명물길 40  1층 (창천동),11.0,11410.0,126.938914,37.558358,서울,,,2020-12-31
2860,VR테마파크,브라이트 신촌점,서울특별시 서대문구 명물길 62 오시리스타워 2-3층,11.0,11410.0,126.939676,37.558861,서울,"http://www.vright.com/, https://vrightsc.modoo.at",02-313-2255,2020-12-31
2861,볼링장,충암볼링장,서울특별시 서대문구 명지대길 103,11.0,11410.0,126.922871,37.584622,서울,_,02-6338-0753,2020-12-31
2862,볼링장,뉴원일볼링센터,서울특별시 서대문구 수색로 48 대화빌딩,11.0,11410.0,126.913612,37.570409,서울,_,02-304-5321,2020-12-31
2863,볼링장,스카이락볼링장,서울특별시 서대문구 신촌로 73 케이스퀘어 8층,11.0,11410.0,126.93454,37.55631,서울,_,02-332-8889,2020-12-31
2864,볼링장,타겟볼링,서울특별시 서대문구 신촌역로 10 혜우빌딩,11.0,11410.0,126.943158,37.557567,서울,_,02-392-3550,2020-12-31
2865,오락실,슈퍼게임장,서울특별시 서대문구 연세로 35 (창천동 지층),11.0,11410.0,126.936724,37.558735,서울,,,2020-12-31
2866,VR테마파크,캠프VR 신촌점,서울특별시 서대문구 연세로 36,11.0,11410.0,126.93721,37.558776,서울,"https://www.campvr.co.kr/, https://blog.naver.com/campvr, https://www.instagram.com/camp__vr/, https://www.facebook.com/campvr/?ref=bookmarks",070-4278-6558,2020-12-31
2867,오락실,골드게임파크,서울특별시 서대문구 연희로 14  지층 (창천동  삼성빌딩),11.0,11410.0,126.926869,37.560088,서울,,,2020-12-31
2868,오락실,북가좌 놀이터 손맛,서울특별시 서대문구 응암로 102-11  1층 (북가좌동),11.0,11410.0,126.913417,37.581517,서울,,,2020-12-31
2869,볼링장,놀러와볼링센터,서울특별시 서대문구 이화여대1길 10 예스에이피엠,11.0,11410.0,126.944889,37.557583,서울,_,02-6373-7005,2020-12-31
2870,오락실,백련게임장,서울특별시 서대문구 증가로 115  4층 (남가좌동),11.0,11410.0,126.92459,37.576871,서울,,,2020-12-31
2871,오락실,텐조이,서울특별시 서대문구 증가로29길 40  에이제이산업 1층 (북가좌동),11.0,11410.0,126.911462,37.581283,서울,,,2020-12-31
2872,오락실,퍼니게임랜드,서울특별시 서대문구 홍은중앙로9길 2 (홍은동),11.0,11410.0,126.948228,37.599475,서울,,,2020-12-31
2873,오락실,ZZANG GAMES,서울특별시 서초구 강남대로 445  우신빌딩 (서초동),11.0,11650.0,127.025248,37.502003,서울,,,2020-12-31
2874,VR테마파크,못된VR 강남점,서울특별시 서초구 강남대로65길 7 피렌체타워 5층,11.0,11650.0,127.025338,37.500265,서울,"http://www.badvr.co.kr, https://blog.naver.com/pd0002, https://www.facebook.com/badbadvr/",1588-0764,2020-12-31
2875,오락실,크레이지100,서울특별시 서초구 강남대로6길 76 (양재동  1층),11.0,11650.0,127.044751,37.468725,서울,,,2020-12-31
2876,오락실,골드박스,서울특별시 서초구 강남대로89길 7 (반포동  지하),11.0,11650.0,127.021431,37.509324,서울,,,2020-12-31
2877,오락실,영동게임랜드,서울특별시 서초구 강남대로95길 15 (잠원동  지하),11.0,11650.0,127.019168,37.513676,서울,,,2020-12-31
2878,볼링장,캐리어볼링장,서울특별시 서초구 남부순환로 2567 TYCO Electronics,11.0,11650.0,127.031366,37.484528,서울,_,02-3474-1010,2020-12-31
2879,오락실,은성게임장,서울특별시 서초구 남부순환로356길 39  2층 (양재동),11.0,11650.0,127.038427,37.483234,서울,,,2020-12-31
2880,볼링장,로얄볼링센타,서울특별시 서초구 방배로13길 18 방배아크로타워 지하 1층,11.0,11650.0,126.99518,37.483046,서울,http://m.pebbleweb.co.kr/025218808,02-521-8808,2020-12-31
2881,볼링장,고릴라볼링샵,서울특별시 서초구 방배로33길 29 1층,11.0,11650.0,126.989281,37.491204,서울,_,010-4040-0537,2020-12-31
2882,볼링장,오란다볼링파크,서울특별시 서초구 방배로33길 29 방배한신트리플 B1,11.0,11650.0,126.989537,37.49154,서울,_,02-535-5280,2020-12-31
2883,볼링장,노블레스볼링장,서울특별시 서초구 서초대로 350 지하 2층 노블레스 볼링장,11.0,11650.0,127.019648,37.495181,서울,_,02-585-8207,2020-12-31
2884,볼링장,삼성레포츠센터 볼링장,서울특별시 서초구 서초대로64길 76-21 삼성레포츠센터 B1,11.0,11650.0,127.021535,37.491827,서울,http://www.ssleports.com/index.php,02-3470-0503,2020-12-31
2885,볼링장,코오롱스포렉스 볼링장,서울특별시 서초구 서초대로70길 32 코오롱스포렉스,11.0,11650.0,127.023346,37.493428,서울,http://www.sporex.com/,02-580-8208,2020-12-31
2886,VR테마파크,브이알존 강남점,서울특별시 서초구 서초대로77길 25 경일빌딩 3층,11.0,11650.0,127.025602,37.499952,서울,"http://vr-zone.co.kr, http://www.facebook.com/vrzonekorea, http://www.instagram.com/vr_zone_http://blog.naver.com/vr-zone",02-591-0770,2020-12-31
2887,VR테마파크,BAD VR 강남2호점,서울특별시 서초구 서초대로77길 37 서초동월드 5층,11.0,11650.0,127.025102,37.501002,서울,http://blog.naver.com/bori1234good,02-533-4454,2020-12-31
2888,볼링장,금성볼링장,서울특별시 서초구 서초중앙로 85 가산빌딩,11.0,11650.0,127.014058,37.489395,서울,_,02-522-2373,2020-12-31
2889,오락실,럭키게임랜드,서울특별시 서초구 효령로55길 57  2층 (서초동),11.0,11650.0,127.013939,37.487277,서울,,,2020-12-31
2890,볼링장,라인볼링센터,서울특별시 성동구 고산자로6길 40 지하 3층,11.0,11200.0,127.035472,37.558223,서울,https://www.facebook.com/linebowlingcenter/,02-2299-4199,2020-12-31
2891,볼링장,KB볼링센타,서울특별시 성동구 뚝섬로 447 성동마트,11.0,11200.0,127.060334,37.537834,서울,_,02-465-0068,2020-12-31
2892,오락실,한양 게임장,서울특별시 성동구 마조로 9 (행당동),11.0,11200.0,127.040559,37.558724,서울,,,2020-12-31
2893,오락실,성수게임랜드,서울특별시 성동구 아차산로 116  지하 1층 (성수동2가),11.0,11200.0,127.056635,37.544049,서울,,,2020-12-31
2894,오락실,봉황게임랜드,서울특별시 성동구 아차산로7길 2  3층 (성수동2가),11.0,11200.0,127.054287,37.545373,서울,,,2020-12-31
2895,VR테마파크,VR 피그미풀,서울특별시 성동구 왕십리광장로 17 왕십리민자역사 5층,11.0,11200.0,127.038424,37.559265,서울,,02-2200-1351,2020-12-31
2896,VR테마파크,BAD VR 게임장 고대안암점,서울특별시 성북구 고려대로24길 42,11.0,11290.0,127.029269,37.584419,서울,http://blog.naver.com/abg1105,02-6933-4432,2020-12-31
2897,볼링장,YB 볼링센터,서울특별시 성북구 길음로7길 36-12 2층,11.0,11290.0,127.021924,37.603244,서울,http://www.yb볼링센터.kr/,02-912-7474,2020-12-31
2898,볼링장,유타Bk볼링센타,서울특별시 성북구 동소문로 106 유타빌딩14층,11.0,11290.0,127.017092,37.592581,서울,_,02-953-0929,2020-12-31
2899,VR테마파크,쇼미더VR 성신여대점,서울특별시 성북구 동소문로20길 29-6 젬스톤빌딩 지하1층,11.0,11290.0,127.017133,37.591202,서울,http://showmethevr.com/,02-6951-0039,2020-12-31
2900,오락실,아이존팝 성신여대점,서울특별시 성북구 동소문로20다길 7  지층 (동선동1가),11.0,11290.0,127.017103,37.59177,서울,,,2020-12-31
2901,VR테마파크,영VR 성신여대점,서울특별시 성북구 동소문로22길 11 2층,11.0,11290.0,127.017658,37.592576,서울,https://www.facebook.com/youngVR.co.kr,02-923-6063,2020-12-31
2902,오락실,짱 게임파크,서울특별시 성북구 동소문로22길 61  1층 (동선동2가),11.0,11290.0,127.01874,37.590387,서울,,,2020-12-31
2903,볼링장,성신볼링장,서울특별시 성북구 보문로34길 69 창천프라자,11.0,11290.0,127.019068,37.591309,서울,_,02-928-0146,2020-12-31
2904,오락실,우리게임장 Ⅱ,서울특별시 성북구 삼선교로10길 14 (삼선동1가),11.0,11290.0,127.009031,37.587368,서울,,,2020-12-31
2905,오락실,신스샵,서울특별시 성북구 삼선교로10길 16  1층 (삼선동1가),11.0,11290.0,127.009112,37.587225,서울,,,2020-12-31
2906,오락실,못된 강아지,서울특별시 성북구 오패산로8길 4  1층 (하월곡동),11.0,11290.0,127.037421,37.604651,서울,,,2020-12-31
2907,오락실,유토피아,서울특별시 성북구 인촌로 93 (안암동5가),11.0,11290.0,127.02982,37.586442,서울,,,2020-12-31
2908,오락실,짱오락실,서울특별시 성북구 인촌로24길 28  인화빌딩 (안암동5가),11.0,11290.0,127.029239,37.584995,서울,,,2020-12-31
2909,오락실,죠이월드(Joy World),서울특별시 성북구 인촌로24길 60 (안암동5가 지1층),11.0,11290.0,127.029349,37.583474,서울,,,2020-12-31
2910,오락실,고려게임장,서울특별시 성북구 인촌로26길 42-1 (안암동5가),11.0,11290.0,127.029928,37.584271,서울,,,2020-12-31
2911,오락실,차차오락실,서울특별시 성북구 장월로1길 69  1층 (상월곡동),11.0,11290.0,127.044579,37.605475,서울,,,2020-12-31
2912,볼링장,장위볼링센터,서울특별시 성북구 장위로 126 장위쇼핑(슈퍼마켓),11.0,11290.0,127.050983,37.61314,서울,http://www.jangwibowling.com/,02-912-4500,2020-12-31
2913,볼링장,우리볼링센타,서울특별시 성북구 장위로 189 천미빌딩,11.0,11290.0,127.055909,37.616766,서울,http://cafe.daum.net/wouribowling,02-943-0116,2020-12-31
2914,오락실,동방게임랜드,서울특별시 성북구 장위로 35 (장위동),11.0,11290.0,127.040783,37.614473,서울,,,2020-12-31
2915,볼링장,서울볼링장,서울특별시 성북구 화랑로 254 대성프라자,11.0,11290.0,127.05782,37.610753,서울,_,02-969-7888,2020-12-31
2916,오락실,오락카폐 홈플러스 월곡점,서울특별시 성북구 화랑로 76  지하3층 (하월곡동  홈플러스월곡점),11.0,11290.0,127.040446,37.601873,서울,,,2020-12-31
2917,오락실,둘리게임랜드,서울특별시 성북구 화랑로21길 65 (상월곡동),11.0,11290.0,127.052269,37.609069,서울,,,2020-12-31
2918,오락실,노는가게 마천점,서울특별시 송파구 마천로41길 15  1층 (마천동),11.0,11710.0,127.149381,37.497313,서울,,,2020-12-31
2919,볼링장,석촌볼링장,서울특별시 송파구 백제고분로 365 태문빌딩,11.0,11710.0,127.1063,37.505276,서울,_,02-416-9140,2020-12-31
2920,볼링장,잠실볼링장,서울특별시 송파구 백제고분로 75 지하2층 202호,11.0,11710.0,127.079165,37.509978,서울,https://nmfbowling.modoo.at/,02-417-0348,2020-12-31
2921,오락실,석촌 놀이터,서울특별시 송파구 백제고분로39길 11  1층 104호 (석촌동),11.0,11710.0,127.104738,37.50539,서울,,,2020-12-31
2922,VR테마파크,샤크 브이알 카페,서울특별시 송파구 백제고분로7길 31 3층,11.0,11710.0,127.082445,37.51095,서울,_,010-8677-5259,2020-12-31
2923,오락실,플레이 그라운드(Play Ground),서울특별시 송파구 백제고분로7길 43  1 2층 (잠실동  잠실빌딩),11.0,11710.0,127.083655,37.510968,서울,,,2020-12-31
2924,오락실,뿅뿅게임랜드,서울특별시 송파구 백제고분로7길 46 (잠실동 1 2층),11.0,11710.0,127.083898,37.510519,서울,,,2020-12-31
2925,오락실,못된강아지 신천점,서울특별시 송파구 백제고분로7길 57  1층 (잠실동),11.0,11710.0,127.085206,37.510854,서울,,,2020-12-31
2926,VR테마파크,BAD VR 신천본점,서울특별시 송파구 석촌호수로 64 2층 BADVR,11.0,11710.0,127.085571,37.510622,서울,"http://배드브이알.com, http://blog.naver.com/badvrsc",02-419-3379,2020-12-31
2927,오락실,못된강아지,서울특별시 송파구 송파대로 453  1층 (석촌동  레이크빌 빌딩),11.0,11710.0,127.105309,37.506782,서울,,,2020-12-31
2928,오락실,감성놀이터노는가게,서울특별시 송파구 송파대로28길 27  101동 114호 (가락동  송파성원쌍떼빌),11.0,11710.0,127.12003,37.494782,서울,,,2020-12-31
2929,볼링장,아우라 락 볼링장,서울특별시 송파구 오금로11길 12 지하1층,11.0,11710.0,127.108568,37.514312,서울,http://instagram.com/aurabowling,02-423-0923,2020-12-31
2930,볼링장,팡팡락볼링장,서울특별시 송파구 올림픽로 114,11.0,11710.0,127.083197,37.511397,서울,_,02-425-0923,2020-12-31
2931,오락실,게임빌리지,서울특별시 송파구 올림픽로 240  3층 (잠실동),11.0,11710.0,127.097033,37.511251,서울,,,2020-12-31
2932,오락실,전망대,서울특별시 송파구 올림픽로 240  4층 (잠실동),11.0,11710.0,127.097033,37.511251,서울,,,2020-12-31
2933,오락실,플레잇,서울특별시 송파구 올림픽로 240  지하3층 (잠실동),11.0,11710.0,127.097033,37.511251,서울,,,2020-12-31
2934,오락실,게임펙토리,서울특별시 송파구 올림픽로 240 (잠실동 지상1층),11.0,11710.0,127.097033,37.511251,서울,,,2020-12-31
2935,VR테마파크,롯데월드 VR 스페이스,서울특별시 송파구 올림픽로 240 어드벤처 지하3층,11.0,11710.0,127.097033,37.511251,서울,,1661-2000,2020-12-31
2936,VR테마파크,콩VR 롯데월드몰점,서울특별시 송파구 올림픽로 300 3층 콩VR,11.0,11710.0,127.102669,37.512889,서울,"http://kong-vr.com, http://www.instagram.com/kongvr_official, http://blog.naver.com/kongvrhttp://www.facebook.com/kongvrofficial",02-3213-4314,2020-12-31
2937,오락실,엑스-매니아,서울특별시 송파구 올림픽로12길 16 (잠실동 지층),11.0,11710.0,127.082975,37.510152,서울,,,2020-12-31
2938,오락실,신천게임랜드,서울특별시 송파구 올림픽로12길 28  지1층 (잠실동),11.0,11710.0,127.083203,37.509117,서울,,,2020-12-31
2939,오락실,오락카페 홈플러스잠실점,서울특별시 송파구 올림픽로35가길 16  지하1층 (신천동),11.0,11710.0,127.103002,37.516279,서울,,,2020-12-31
2940,오락실,못된강아지 위례광장2호점,서울특별시 송파구 위례광장로 290  상가동 1층 105호 (장지동  위례중앙푸르지오2단지),11.0,11710.0,127.142888,37.474667,서울,,,2020-12-31
2941,오락실,야마토게임랜드,서울특별시 송파구 위례성대로18길 28-10  2층 (방이동),11.0,11710.0,127.124669,37.51009,서울,,,2020-12-31
2942,오락실,고고오락실,서울특별시 송파구 중대로 127  한화오벨리스크 105호 (가락동),11.0,11710.0,127.121918,37.494787,서울,,,2020-12-31
2943,볼링장,스핀볼링센터 가든5,서울특별시 송파구 충민로 52 지하1층 57호 가든파이브 웍스관,11.0,11710.0,127.122447,37.477626,서울,_,02-2047-3663,2020-12-31
2944,오락실,CGV송파,서울특별시 송파구 충민로 66  10층 (문정동),11.0,11710.0,127.12499,37.477654,서울,,,2020-12-31
2945,오락실,킹콩놀이샾,서울특별시 양천구 곰달래로5길 26 (신월동),11.0,11470.0,126.833704,37.531921,서울,,,2020-12-31
2946,오락실,대박게임장,서울특별시 양천구 공항대로 626  지하1층호 (목동),11.0,11470.0,126.874282,37.546623,서울,,,2020-12-31
2947,오락실,킹콩놀이샵,서울특별시 양천구 남부순환로40길 12  1층 (신월동),11.0,11470.0,126.827875,37.534999,서울,,,2020-12-31
2948,오락실,두두플레이방,서울특별시 양천구 남부순환로40길 16-1 (신월동),11.0,11470.0,126.827719,37.534808,서울,,,2020-12-31
2949,오락실,못된강아지,서울특별시 양천구 등촌로 26  1층 (목동),11.0,11470.0,126.864112,37.532262,서울,,,2020-12-31
2950,오락실,탑게임,서울특별시 양천구 목동동로 309 (목동 행복한세상백화점 6층),11.0,11470.0,126.87597,37.529177,서울,,,2020-12-31
2951,오락실,코인박스청소년오락실,서울특별시 양천구 목동동로 391  지103호 (목동  현대파크빌),11.0,11470.0,126.880227,37.535795,서울,,,2020-12-31
2952,오락실,PLAY SQUARE(플레이 스퀘어),서울특별시 양천구 목동동로12길 46  1층 102호 (신정동),11.0,11470.0,126.876231,37.522332,서울,,,2020-12-31
2953,오락실,플레이스퀘어 파라곤,서울특별시 양천구 목동서로 155  지1층 B-118-1호 (목동  목동파라곤),11.0,11470.0,126.875174,37.529458,서울,,,2020-12-31
2954,오락실,목동G-스타디움,서울특별시 양천구 목동서로 77 (목동),11.0,11470.0,126.877995,37.535954,서울,,,2020-12-31
2955,오락실,플레이스퀘어 사랑,서울특별시 양천구 목동중앙남로 61  101호 (목동),11.0,11470.0,126.865885,37.539199,서울,,,2020-12-31
2956,오락실,목동게임장,서울특별시 양천구 목동중앙서로1길 6 (목동),11.0,11470.0,126.864522,37.532789,서울,,,2020-12-31
2957,볼링장,세원볼링센타,서울특별시 양천구 신월로 354,11.0,11470.0,126.860199,37.521683,서울,_,02-2646-7616,2020-12-31
2958,볼링장,세원볼링센타,서울특별시 양천구 신월로 354,11.0,11470.0,126.860199,37.521683,서울,https://sewonbc.modoo.at/,02-2643-9995~6,2020-12-31
2959,오락실,메이저 게임랜드,서울특별시 양천구 신월로15길 2  2층 (신월동),11.0,11470.0,126.842187,37.518921,서울,,,2020-12-31
2960,오락실,아케이드원 오목교역점,서울특별시 양천구 오목로 지하 342  오목교역 지하1층 303호 (목동),11.0,11470.0,126.875351,37.524459,서울,,,2020-12-31
2961,오락실,미니박스,서울특별시 양천구 월정로 101  신목동샤르망오피스텔 1동 106호 (신월동),11.0,11470.0,126.838996,37.528486,서울,,,2020-12-31
2962,오락실,놀이터,서울특별시 양천구 중앙로 253  1층 (신정동),11.0,11470.0,126.853126,37.518947,서울,,,2020-12-31
2963,오락실,씨게임장,서울특별시 양천구 중앙로 269 (신정동),11.0,11470.0,126.852514,37.520464,서울,,,2020-12-31
2964,오락실,꾀꼬리 게임장,서울특별시 양천구 지양로 77  지하층 (신월동),11.0,11470.0,126.833209,37.522329,서울,,,2020-12-31
2965,오락실,패밀리 게임장,서울특별시 양천구 화곡로13길 7  1층 (신월동),11.0,11470.0,126.833528,37.540317,서울,,,2020-12-31
2966,볼링장,정석볼링장,서울특별시 영등포구 경인로 775 에이스하이테크시티 1동 B143호,11.0,11560.0,126.897577,37.514748,서울,http://jsbowlingclub.co.kr/,02-2635-0707,2020-12-31
2967,볼링장,천호락볼링클럽 영등포지점,서울특별시 영등포구 국회대로36길 17,11.0,11560.0,126.898332,37.525712,서울,_,02-2679-1001,2020-12-31
2968,오락실,플레이스퀘어 당산,서울특별시 영등포구 당산로32길 12  1층 (당산동3가),11.0,11560.0,126.898087,37.526214,서울,,,2020-12-31
2969,오락실,룰루게임랜드,서울특별시 영등포구 대림로 73  2층 (대림동),11.0,11560.0,126.905655,37.489044,서울,,,2020-12-31
2970,오락실,팡팡 게임장,서울특별시 영등포구 대림로 83 (대림동 2층),11.0,11560.0,126.904788,37.489577,서울,,,2020-12-31
2971,오락실,하오게임장,서울특별시 영등포구 도림로38길 6-1  4층 (대림동),11.0,11560.0,126.897373,37.492436,서울,,,2020-12-31
2972,볼링장,동양볼링센터,서울특별시 영등포구 선유로 27 대륭오피스텔,11.0,11560.0,126.887956,37.51664,서울,_,02-2676-7850~1,2020-12-31
2973,오락실,청룡,서울특별시 영등포구 영등포로 210  지하1층 (영등포동4가),11.0,11560.0,126.904519,37.51957,서울,,,2020-12-31
2974,오락실,휴 게임랜드,서울특별시 영등포구 영등포로 218-1  지하1층 (영등포동3가),11.0,11560.0,126.905752,37.519581,서울,,,2020-12-31
2975,오락실,애플 게임랜드,서울특별시 영등포구 영등포로 224  대륙빌딩 1층 (영등포동3가),11.0,11560.0,126.906263,37.519433,서울,,,2020-12-31
2976,오락실,게임파크,서울특별시 영등포구 영등포로 232  1층 (영등포동3가),11.0,11560.0,126.907092,37.519269,서울,,,2020-12-31
2977,오락실,월드게임,서울특별시 영등포구 영등포로 232  2층 (영등포동3가),11.0,11560.0,126.907092,37.519269,서울,,,2020-12-31
2978,볼링장,로얄볼링센터,서울특별시 영등포구 영등포로28길 5 당산동코오롱주.상복합아파트,11.0,11560.0,126.899231,37.519935,서울,"http://www.instagram.com/royal.bowling/, https://blog.naver.com/xotjs3510/221541472430",02-2672-8898,2020-12-31
2979,오락실,ACTION,서울특별시 영등포구 영중로 15  4층 (영등포동4가  타임스퀘어),11.0,11560.0,126.903716,37.517247,서울,,,2020-12-31
2980,오락실,일렉트로 게임 (클래스어뮤즈먼트 주식회사 영등포점),서울특별시 영등포구 영중로 15  지하1층 (영등포동4가  타임스퀘어),11.0,11560.0,126.903716,37.517247,서울,,,2020-12-31
2981,오락실,잠자리 게임랜드,서울특별시 영등포구 영중로 22  남서울빌딩 110호 (영등포동3가),11.0,11560.0,126.905951,37.518331,서울,,,2020-12-31
2982,오락실,코리아 게임장,서울특별시 영등포구 영중로10길 6  델리타운 108호 (영등포동3가),11.0,11560.0,126.906179,37.519045,서울,,,2020-12-31
2983,VR테마파크,지투존 영등포점,서울특별시 영등포구 영중로4길 16,11.0,11560.0,126.908048,37.517278,서울,_,02-2634-9005,2020-12-31
2984,오락실,지투존 (G2 ZONE),서울특별시 영등포구 영중로4길 16  1층 (영등포동3가),11.0,11560.0,126.908048,37.517278,서울,,,2020-12-31
2985,오락실,플레이박스(PLAY BOX),서울특별시 영등포구 영중로4길 25  1층 (영등포동3가),11.0,11560.0,126.909127,37.517784,서울,,,2020-12-31
2986,오락실,게임플라자 남산서울타워점,서울특별시 용산구 남산공원길 105  4층 (용산동2가  YTN서울타워),11.0,11170.0,126.987861,37.551129,서울,,,2020-12-31
2987,VR테마파크,라이언 치즈볼 어드벤처 남산타워,서울특별시 용산구 남산공원길 105 4층,11.0,11170.0,126.987861,37.551129,서울,,02-752-0531,2020-12-31
2988,볼링장,훈쌤볼링,서울특별시 용산구 독서당로 46,11.0,11170.0,127.007224,37.532435,서울,http://blog.naver.com/hoonssam0453,010-4085-2467,2020-12-31
2989,볼링장,볼링아이,서울특별시 용산구 독서당로 46,11.0,11170.0,127.007224,37.532435,서울,_,02-790-8883,2020-12-31
2990,오락실,콤콤오락실,서울특별시 용산구 백범로87길 51  1층 (원효로1가),11.0,11170.0,126.969245,37.539561,서울,,,2020-12-31
2991,오락실,인엔인(in&in),서울특별시 용산구 청파로 74  5층 (한강로3가  용산전자랜드 본관),11.0,11170.0,126.960026,37.532858,서울,,,2020-12-31
2992,볼링장,뉴청룡볼링장,서울특별시 용산구 한강대로 257 청룡빌딩,11.0,11170.0,126.972549,37.541257,서울,_,02-797-6320,2020-12-31
2993,볼링장,남영볼링센터,서울특별시 용산구 한강대로 273 용산빌딩,11.0,11170.0,126.973297,37.541975,서울,https://pinpinbowl.modoo.at/,02-711-0925,2020-12-31
2994,오락실,짱오락실,서울특별시 용산구 한강대로 277-1 (갈월동),11.0,11170.0,126.972208,37.543011,서울,,,2020-12-31
2995,오락실,드래곤힐게임장,서울특별시 용산구 한강대로21나길 40 (한강로3가),11.0,11170.0,126.96407,37.527613,서울,,,2020-12-31
2996,VR테마파크,브이알존 용산아이파크몰점,서울특별시 용산구 한강대로23길 55 아이파크몰 6층,11.0,11170.0,126.964607,37.529636,서울,"https://vrzone.modoo.at/, https://www.instagram.com/hm_vrzone, https://blog.naver.com/hm_vrzonehttp://www.facebook.com/VRzone.Y",02-2012-3356,2020-12-31
2997,VR테마파크,V BUSTERS,서울특별시 용산구 한강대로23길 55 아이파크몰 8층,11.0,11170.0,126.964607,37.529636,서울,,02-371-6793,2020-12-31
2998,오락실,팡팡랜드,서울특별시 용산구 회나무로 3  1층 (이태원동  정신학원),11.0,11170.0,126.98733,37.538555,서울,,,2020-12-31
2999,오락실,승리게임랜드,서울특별시 은평구 불광로 7  지층 (대조동),11.0,11380.0,126.927134,37.609457,서울,,,2020-12-31
3000,볼링장,삼정볼링장,서울특별시 은평구 서오릉로 94,11.0,11380.0,126.92157,37.608866,서울,_,02-383-4555,2020-12-31
3001,오락실,뿌잉샵,서울특별시 은평구 역말로 64  1층 우측호 (역촌동),11.0,11380.0,126.91749,37.6059,서울,,,2020-12-31
3002,오락실,신화게임랜드,서울특별시 은평구 역말로 72 (역촌동),11.0,11380.0,126.918292,37.606079,서울,,,2020-12-31
3003,오락실,은마게임장,서울특별시 은평구 연서로26길 7 (대조동 지층),11.0,11380.0,126.920374,37.617154,서울,,,2020-12-31
3004,VR테마파크,CSI VR 방탈출 카페,서울특별시 은평구 연서로29길 11-9 2층,11.0,11380.0,126.918791,37.618545,서울,http://csigames.co.kr/,02-359-9195,2020-12-31
3005,VR테마파크,레드VR 연신내점,서울특별시 은평구 연서로29길 4,11.0,11380.0,126.919865,37.618699,서울,,02-388-8809,2020-12-31
3006,오락실,게임몬스터,서울특별시 은평구 연서로29길 8-10  1층 (갈현동),11.0,11380.0,126.919813,37.619131,서울,,,2020-12-31
3007,오락실,짱구게임,서울특별시 은평구 연서로29길 8-8  인락빌딩 1층 101호 (갈현동),11.0,11380.0,126.919747,37.618986,서울,,,2020-12-31
3008,오락실,짱게임장,서울특별시 은평구 연서로29길 8-8  인락빌딩 지하1층 (갈현동),11.0,11380.0,126.919747,37.618986,서울,,,2020-12-31
3009,볼링장,코리아볼링센터,서울특별시 은평구 은평로 136 은경빌딩,11.0,11380.0,126.923042,37.600275,서울,_,02-356-1571,2020-12-31
3010,오락실,탑오락실,서울특별시 은평구 은평로 59  2층 (신사동),11.0,11380.0,126.914511,37.598962,서울,,,2020-12-31
3011,오락실,랜드마크,서울특별시 은평구 응암로21길 4  왼쪽호 (응암동),11.0,11380.0,126.91765,37.59408,서울,,,2020-12-31
3012,볼링장,다우볼링센타,서울특별시 은평구 증산로 253 증산동볼링장,11.0,11380.0,126.905805,37.581005,서울,_,02-308-5874,2020-12-31
3013,오락실,오거리 게임랜드,서울특별시 은평구 진흥로 105-6  니오빌딩 2층 (역촌동),11.0,11380.0,126.922195,37.606403,서울,,,2020-12-31
3014,오락실,브릭스,서울특별시 은평구 통일로 1050  4층 (진관동),11.0,11380.0,126.950456,37.653637,서울,,,2020-12-31
3015,오락실,놀랜드,서울특별시 은평구 통일로 1050  롯데몰 은평점 롯데마트은평점내 2층 (진관동),11.0,11380.0,126.950456,37.653637,서울,,,2020-12-31
3016,볼링장,스핀볼링센터,서울특별시 은평구 통일로 842,11.0,11380.0,126.92213,37.618719,서울,_,02-387-1288,2020-12-31
3017,오락실,게임파크빌리지,서울특별시 은평구 통일로 855-9  1층 (갈현동),11.0,11380.0,126.919896,37.618906,서울,,,2020-12-31
3018,오락실,우리게임장,서울특별시 종로구 대명길 24 (명륜2가 (1층 2층)),11.0,11110.0,127.000252,37.58342,서울,,,2020-12-31
3019,VR테마파크,BAD VR 대학로점,서울특별시 종로구 대명길 41,11.0,11110.0,126.999343,37.582827,서울,http://대학로못된vr.com/,010-4891-2330,2020-12-31
3020,VR테마파크,EVR그라운드 대학로점,서울특별시 종로구 대명길 9 4층 이브이알그라운드,11.0,11110.0,127.000955,37.583381,서울,https://www.facebook.com/pg/EVRGROUND/posts/,02-741-5700,2020-12-31
3021,오락실,익선동 콤콤오락실,서울특별시 종로구 돈화문로11다길 25 (익선동),11.0,11110.0,126.990391,37.573325,서울,,,2020-12-31
3022,오락실,EXTREME MAX ONE,서울특별시 종로구 삼일대로19길 24 (관철동),11.0,11110.0,126.986206,37.569676,서울,,,2020-12-31
3023,볼링장,볼링라운지 더프레임,서울특별시 종로구 새문안로3길 30 대우빌딩 지하1층,11.0,11110.0,126.973122,37.572906,서울,http://www.bowlinglounge.net/,02-6959-6577,2020-12-31
3024,오락실,옥인상점,서울특별시 종로구 옥인길 28  1층 (옥인동),11.0,11110.0,126.967226,37.580937,서울,,,2020-12-31
3025,오락실,이기자 게임랜드,서울특별시 종로구 종로 377-3  서림빌딩 지하1층 (숭인동),11.0,11110.0,127.019277,37.57447,서울,,,2020-12-31
3026,볼링장,동아볼링센타,서울특별시 종로구 종로 413 동보빌딩,11.0,11110.0,127.022372,37.575865,서울,_,02-928-2343,2020-12-31
3027,오락실,짱오락실,서울특별시 종로구 종로14길 5 (관철동 (1층)),11.0,11110.0,126.987031,37.569819,서울,,,2020-12-31
3028,오락실,인노앙,서울특별시 종로구 종로66길 13  1층 (숭인동),11.0,11110.0,127.02202,37.57424,서울,,,2020-12-31
3029,볼링장,비원 볼링센터,서울특별시 종로구 창덕궁1길 13 원서빌딩,11.0,11110.0,126.988422,37.57912,서울,http://www.b-onebowling.co.kr/,02-742-0707,2020-12-31
3030,오락실,에피소드2게임,서울특별시 종로구 청계천로 73 (관철동),11.0,11110.0,126.985892,37.568665,서울,,,2020-12-31
3031,볼링장,가인볼링장,서울특별시 중구 을지로 264,11.0,11140.0,127.007042,37.565754,서울,_,02-6262-4567,2020-12-31
3032,오락실,우리게임랜드,서울특별시 중구 을지로16길 39  1층 (인현동1가),11.0,11140.0,126.993531,37.56463,서울,,,2020-12-31
3033,VR테마파크,VR테마파크 일루션월드,서울특별시 중구 장충단로 247 굿모닝시티 4층,11.0,11140.0,127.007389,37.566874,서울,"https://illusionworld.modoo.at/, https://blog.naver.com/vr7391, https://www.instagram.com/vrillusionworld/https://www.facebook.com/vrillusionworld",02-2279-7391,2020-12-31
3034,VR테마파크,판다VR 동대문,서울특별시 중구 장충단로 253,11.0,11140.0,127.008106,37.567493,서울,,,2020-12-31
3035,볼링장,MONKEY볼링센터,서울특별시 중구 장충단로 253 헬로우APM,11.0,11140.0,127.008106,37.567493,서울,_,02-6388-3456,2020-12-31
3036,오락실,GAME ZONE,서울특별시 중구 장충단로13길 20  현대시티타워 (을지로6가),11.0,11140.0,127.007649,37.568669,서울,,,2020-12-31
3037,볼링장,볼링볼링,서울특별시 중구 청계천로 400 롯데캐슬베네치아 메가몰동 지하1층,11.0,11140.0,127.021305,37.570883,서울,_,02-3298-6606,2020-12-31
3038,볼링장,코끼리볼링장,서울특별시 중구 퇴계로 166 흥국빌딩,11.0,11140.0,126.990174,37.560898,서울,http://www.heungkukleisure.com/main/main.asp,02-2268-6073~5,2020-12-31
3039,오락실,게임월드,서울특별시 중구 퇴계로 421 (황학동),11.0,11140.0,127.018348,37.565902,서울,,,2020-12-31
3040,오락실,게임월드Ⅱ,서울특별시 중구 퇴계로 433  2층 (황학동),11.0,11140.0,127.019821,37.565843,서울,,,2020-12-31
3041,오락실,게임파크 2,서울특별시 중구 퇴계로 433 (황학동),11.0,11140.0,127.019821,37.565843,서울,,,2020-12-31
3042,볼링장,엘씨아이볼링장,서울특별시 중구 퇴계로18길 14 프라자빌딩,11.0,11140.0,126.985079,37.560188,서울,_,02-771-2345,2020-12-31
3043,오락실,일번지게임랜드,서울특별시 중랑구 망우로 426  2층 2호 (망우동  예원교회),11.0,11260.0,127.099445,37.59941,서울,,,2020-12-31
3044,오락실,놀이터,서울특별시 중랑구 망우로30길 8  106호 (상봉동),11.0,11260.0,127.074307,37.592782,서울,,,2020-12-31
3045,오락실,못된강아지,서울특별시 중랑구 망우로32길 37  1층 112호 (면목동  동부시장(세일종합상가)),11.0,11260.0,127.077168,37.59221,서울,,,2020-12-31
3046,오락실,드래곤,서울특별시 중랑구 면목로44다길 26  무진빌딩 1층 (면목동),11.0,11260.0,127.091127,37.582163,서울,,,2020-12-31
3047,오락실,노리터,서울특별시 중랑구 면목로45길 8 (면목동  지상1층),11.0,11260.0,127.088108,37.581834,서울,,,2020-12-31
3048,오락실,노리터,서울특별시 중랑구 면목로48길 9  1층 (면목동),11.0,11260.0,127.089201,37.582311,서울,,,2020-12-31
3049,오락실,대광게임장,서울특별시 중랑구 사가정로 325 (면목동  지상1층),11.0,11260.0,127.080741,37.581551,서울,,,2020-12-31
3050,오락실,비트연구소 청소년게임장,서울특별시 중랑구 상봉중앙로1길 20  1층 (상봉동),11.0,11260.0,127.087535,37.599138,서울,,,2020-12-31
3051,오락실,용게임랜드,서울특별시 중랑구 용마산로 307 (면목동  태영빌딩),11.0,11260.0,127.092074,37.579747,서울,,,2020-12-31
3052,오락실,삼국지랜드,서울특별시 중랑구 용마산로 519  2층 (망우동),11.0,11260.0,127.100059,37.597315,서울,,,2020-12-31
3053,VR테마파크,중랑 MEGA VR,서울특별시 중랑구 용마산로115길 109 한일써너스빌리젠시2단지 2층 2209호,11.0,11260.0,127.093897,37.597439,서울,http://www.instagram.com/jn.mega_vr,02-434-8758,2020-12-31
3054,볼링장,현대볼링장,서울특별시 중랑구 용마산로129나길 6 현대스포츠센타,11.0,11260.0,127.099604,37.606917,서울,_,02-491-8133~4,2020-12-31
3055,오락실,라운드원,서울특별시 중랑구 중랑역로 119  1층 (중화동),11.0,11260.0,127.077088,37.604175,서울,,,2020-12-31
3056,오락실,정광 게임장,서울특별시 중랑구 중랑천로 117  정광빌딩 3층 (중화동),11.0,11260.0,127.07204,37.595711,서울,,,2020-12-31
3057,볼링장,삼보볼링센터,서울특별시 중랑구 중랑천로10길 76 삼보볼링센타,11.0,11260.0,127.077348,37.592319,서울,_,02-437-6104,2020-12-31
4179,수영장,국가대표 어린이수영클럽,"서울특별시 양천구 목동동로 150, 목동 블루스퀘어 지하1층 (신정동)",11.0,11470.0,,,서울,,263463200,2020.12.31
4181,수영장,리틀마린,"서울특별시 노원구 중계로 230, 제1상가동 지하층 101호 (중계동, 중계5단지주공아파트)",11.0,11350.0,,,서울,,269523944,2020.12.31
4195,수영장,(주)슈퍼스타시그니쳐,"서울특별시 강서구 마곡중앙로 59-17, 류마타워2 지층 B101~B109호 (마곡동)",11.0,11500.0,,,서울,,269492131,2020.12.31
4208,수영장,블루오션 키즈 스위밍,"서울특별시 노원구 월계로45길 21, 상가동 지하1층 (월계동, 롯데캐슬루나아파트)",11.0,11350.0,,,서울,,29087708,2020.12.31
4214,수영장,(주)슈퍼스타스위밍아카데미마곡,"서울특별시 강서구 마곡중앙로 59-17, 류마타워2 지하1층 B110~B117호 (마곡동)",11.0,11500.0,,,서울,,269492121,2020.12.31
